411-1-C30-4-11,411-1-c30-4-11411-15-C30-4-15,411-15-c30-4-15411-2-C30-4-12,411-2-c30-4-12411-6A-c30-4-16,411-6a-c30-4-16411-7-COMM-N10-90-21-2,411-7-comm-n10-90-21-2411-8-C30-4-17,411-8-c30-4-17411-8-C30-4-18,411-8-c30-4-18411-8-C30-4-75,411-8-c30-4-75411-8-C90-6-2-GENESYS,411-8-c90-6-2-genesys411-8-comm-n90-23-4,411-8-comm-n90-23-4411-9-C30-4-19,411-9-c30-4-19411-9-N90-25-2,411-9-n90-25-2411-R001-ROUTER,411-r001-router411BDRMRTR,411bdrmrtr411CRINTERNET,411crinternet411JUNM20,411junm20411JUNM5,411junm5411PP8610,411pp8610411SHSCRTR,411shscrtr411SUNGARDRTR,411sungardrtr411_15TH_FLR,411_15th_flr411_7TH_FLR_90_21_6,411_7th_flr_90_21_6411_7TH_FLR_90_21_7,411_7th_flr_90_21_7411_9TH_FLR_90_21_4_SWA,411_9th_flr_90_21_4_swa411_9TH_FLR_90_25_6_SWD,411_9th_flr_90_25_6_swd411_9th_FLR_FOCUS_A,411_9th_flr_focus_a411_9th_FLR_FOCUS_B,411_9th_flr_focus_b411_9th_J9023_7,411_9th_j9023_7450WRDATCNTR,450wrdatcntr450_SWNETTEST,450_swnettest501-PENN,501-penn5TH-MELLON-14,5th-mellon-147TH-123,7th-1237TH-PENN,7th-pennAASCCBCONF,aasccbconfAASCCBCONV1,aasccbconv1AASCCBCONV2,aasccbconv2AASCCBDEM,aasccbdemAASCCBDEMO,aasccbdemoAASCCBDEV,aasccbdevAASCCBDEVP,aasccbdevpAASCCBPLA,aasccbplaAASCCBPRD1,aasccbprd1AASCCBPRD1S,aasccbprd1sAASCCBPRD2,aasccbprd2AASCCBPRD2S,aasccbprd2sAASCCBTST,aasccbtstAASMDMCONF,aasmdmconfAASMWMPLA,aasmwmplaAASRPTS,aasrptsAASSOADEM,aassoademAASSOAPLA,aassoaplaAASTREVDEV,aastrevdevAASTREVPRD,aastrevprdAASTREVQA,aastrevqaADMONITOR,admonitorADSCCBCONF,adsccbconfADSCCBCONV,adsccbconvADSCCBDDC,adsccbddcADSCCBDEM,adsccbdemADSCCBDEMO,adsccbdemoADSCCBDEVP,adsccbdevpADSCCBPLA,adsccbplaADSCCBPRD,adsccbprdADSCCBPRDS,adsccbprdsADSCCBTST,adsccbtstADSDEV04,adsdev04ADSDEV05,adsdev05ADSDEV06,adsdev06ADSDEV07,adsdev07ADSDEV08,adsdev08ADSDEV09,adsdev09ADSDEV10,adsdev10ADSDEV11,adsdev11ADSFIXNW,adsfixnwADSFIXNWB,adsfixnwbADSFIXNWD,adsfixnwdADSFIXNWT,adsfixnwtADSGRIDOLD,adsgridoldADSGRIDP,adsgridpADSKRONP,adskronpADSKRONT,adskrontADSLAWDEV,adslawdevADSLAWPRD,adslawprdADSMAX,adsmaxADSMDMDEM,adsmdmdemADSMDS,adsmdsADSOBIP,adsobipADSOBIT,adsobitADSPAAMP,adspaampADSPRD,adsprdADSPRD02,adsprd02ADSPRD03,adsprd03ADSPRD04,adsprd04ADSPRD05,adsprd05ADSPRD06,adsprd06ADSPRD07,adsprd07ADSPRD09,adsprd09ADSPRD10,adsprd10ADSPRD11,adsprd11ADSRESPOND,adsrespondADSRISKPRD,adsriskprdADSTFNW,adstfnwADSTFNWD,adstfnwdADSTREVDQ,adstrevdqADSTREVPAT,adstrevpatADSTREVPRD,adstrevprdADSWAMDT,adswamdtADSWAMPDR,adswampdrADSWAMPRD,adswamprdADSWAMPROD,adswamprodADSWEBIVR,adswebivrAFP_VIEWER_FTP,afp_viewer_ftpAIXADSM,aixadsmAIXHMC1,aixhmc1AIXHMC2,aixhmc2AIXHMC3,aixhmc3AIXHMC4,aixhmc4AIXHMC5,aixhmc5AIXSERV1,aixserv1AIXVIO1,aixvio1AIXVIO2,aixvio2AIXVIO3,aixvio3AIXVIO4,aixvio4ALLENCYBER1,allencyber1ALLIES-139,allies-139ALLIES-203,allies-203ALLIES-219,allies-219ALLIES-234,allies-234ALLIES-312,allies-312ALLIES-320,allies-320ALLIES-321,allies-321ALLIES-CHANCERY,allies-chanceryALLIES-CHERRY,allies-cherryALLIES-MARKET,allies-marketALTEON1,alteon1ALTEON2,alteon2AMI,amiAMIPROD,amiprodAMIQA,amiqaAMIRADIUS1,amiradius1AMXPANEL128,amxpanel128AMXPANEL131,amxpanel131AMXPANEL134,amxpanel134ANALYZER,analyzerANALYZERDOCS,analyzerdocsAOCSP,aocspAOCWEB,aocwebAOCWSPFOUND,aocwspfoundAP1TMXSK1,ap1tmxsk1APOLLO,apolloASMINIST-EB51EF,asminist-eb51efASSESSMENT-10,assessment-10AWRSIEMATDP1,awrsiematdp1AZACCESS-VM,azaccess-vmAZBIDATASCI,azbidatasciAZBIMODLER-VM,azbimodler-vmAZCAIPGW-DEV-VM,azcaipgw-dev-vmAZCAIPGW-VM,azcaipgw-vmAZCORPAPPS02-D,azcorpapps02-dAZDOCCONTAIN-VM,azdoccontain-vmAZDWDSBI01,azdwdsbi01AZSMANDAVA-VM,azsmandava-vmAZSSRSDEV,azssrsdevAZWASCORPAPP01P,azwascorpapp01pAZWDSPOWERBI2,azwdspowerbi2AZWDSSQL02P,azwdssql02pAZWDSSQL03D,azwdssql03dAZXSGW-BTA-VM,azxsgw-bta-vmAZXSGW-DEV-VM,azxsgw-dev-vmAZXSGW-DR-VM,azxsgw-dr-vmAZXSGW-PROD-VM,azxsgw-prod-vmAZXSGW-STG-VM,azxsgw-stg-vmAZXSGW-TST-VM,azxsgw-tst-vmAZXSGW2-PROD-VM,azxsgw2-prod-vmBBARN,bbarnBCPPH02,bcpph02BCPWR01,bcpwr01BCREPORTER,bcreporterBCS-D,bcs-dBCSXML,bcsxmlBCSXML-D,bcsxml-dBCS_D,bcs_dBELL-12TH-GRANT,bell-12th-grantBELL-12TH-STANWIX,bell-12th-stanwixBIZINFO,bizinfoBOYD-LOCUST,boyd-locustBPUMPKIN,bpumpkinBUILDING6DISPLAY1,building6display1BUILDING6DISPLAY2,building6display2BUILDING6DISPLAY3,building6display3BUSINESSINTELLIGENCE,businessintelligenceBZWEB,bzwebBZWEB-3,bzweb-3BZWEB-6,bzweb-6BZWEB-T,bzweb-tC1267669-A,c1267669-aCALENDAR1,calendar1CALENDAR2,calendar2CALENDAR4,calendar4CALENDAR5,calendar5CALLCENTER-D,callcenter-dCALLCENTERREPORTS,callcenterreportsCDNM1,cdnm1CECIL-120-MEZZANINE,cecil-120-mezzanineCFSCHEDULE,cfscheduleCHAMBER7120,chamber7120CHATHAM-CENTER,chatham-centerCHECKFREEDEMO,checkfreedemoCHECKFREE_PROD,checkfree_prodCHERRY-301,cherry-301CITRIXWEB,citrixwebCITRIXWEB-3,citrixweb-3CITRIXWEB-6,citrixweb-6CKFREE,ckfreeCLUSTERA,clusteraCLUSTERABACK,clusterabackCOMMUNICATIONS-D,communications-dCOMMUNICATIONS_D,communications_dCONSOLE-AMI-WR,console-ami-wrCONSOLE-CDMA-PH,console-cdma-phCONSOLE-PH,console-phCONSOLE-WR3,console-wr3CONTACTCENTER-D,contactcenter-dCONTACTCENTER_D,contactcenter_dCORPSERV,corpservCORPSTRM,corpstrmCOURT-ANNEX,court-annexCOURTHOUSE,courthouseCRAWFORD-100-LIGHT,crawford-100-lightCRAWFORD-100-POWER,crawford-100-powerCRAWFORD-100LIGHT,crawford-100lightCREDIT-FTP,credit-ftpCS-WEB-0,cs-web-0CS-WEB-T,cs-web-tCSCIS_REPORTS01,cscis_reports01CSRTOOLS,csrtoolsCSRTOOLS-DEV,csrtools-devCSRTOOLS-STG,csrtools-stgCSRTOOLS-TST,csrtools-tstCUB11,cub11CUB12,cub12CUB13,cub13CUB14,cub14CUB15,cub15CUB16,cub16CUB21,cub21CUB22,cub22CUB23,cub23CUB24,cub24CUB25,cub25CUB26,cub26CUB31,cub31CUB32,cub32CUB33,cub33CUB34,cub34CUB35,cub35CUB36,cub36CUB41,cub41CUB42,cub42CUB43,cub43CUB44,cub44CUB45,cub45CUB46,cub46CUB51,cub51CUB52,cub52CUB53,cub53CUB54,cub54CUB55,cub55CUB56,cub56CUBSDEVFTP,cubsdevftpCUBSPRODUCTION,cubsproductionCUBSTESTFTP,cubstestftpCUBS_DATA_PROD01,cubs_data_prod01CUBS_DATA_TEST01,cubs_data_test01CUSTOPER,custoperCUST_CH_DATA,cust_ch_dataDANAK,danakDB2SERVER,db2serverDCCUB11,dccub11DCCUB12,dccub12DCCUB13,dccub13DCCUB14,dccub14DCCUB15,dccub15DCCUB16,dccub16DCCUB21,dccub21DCCUB22,dccub22DCCUB23,dccub23DCCUB24,dccub24DCCUB25,dccub25DCCUB26,dccub26DCCUB41,dccub41DCCUB42,dccub42DCCUB43,dccub43DCCUB44,dccub44DCCUB45,dccub45DCCUB46,dccub46DCCUB51,dccub51DCCUB52,dccub52DCCUB53,dccub53DCCUB54,dccub54DCCUB55,dccub55DCCUB56,dccub56DCDLCPGH02,dcdlcpgh02DCSS-84JR82S-D,dcss-84jr82s-dDD-PH-TSM-CTL-01,dd-ph-tsm-ctl-01DD-WR-TSM-CTL-01,dd-wr-tsm-ctl-01DDPHTSM,ddphtsmDDWRTSM,ddwrtsmDESKRISC,deskriscDETROITRTR,detroitrtrDEV3NEW,dev3newDEVXP,devxpDIST-QAS-AUTH,dist-qas-authDISTRIBUTION,distributionDISTRIBUTION-DR,distribution-drDISTRIBUTIONQAS,distributionqasDLC-VEND,dlc-vendDLC-VEND1,dlc-vend1DLC-VEND2,dlc-vend2DLCA-018PP8T-L,dlca-018pp8t-lDLCA-H2JK8W1-L,dlca-h2jk8w1-lDLCAIB,dlcaibDLCAPPS,dlcappsDLCBACK1,dlcback1DLCBACK2,dlcback2DLCDEV1,dlcdev1DLCDEV2,dlcdev2DLCDEV3,dlcdev3DLCESC1,dlcesc1DLCGISB,dlcgisbDLCHC1,dlchc1DLCHQSESAP,dlchqsesapDLCMAX,dlcmaxDLCMAX1,dlcmax1DLCNEW,dlcnewDLCNV,dlcnvDLCONNECT-0,dlconnect-0DLCONNECT-T,dlconnect-tDLCONNECT-V,dlconnect-vDLCPAAM,dlcpaamDLCPC1,dlcpc1DLCPC2,dlcpc2DLCPC3,dlcpc3DLCPC4,dlcpc4DLCPC5,dlcpc5DLCPC6,dlcpc6DLCPGH01,dlcpgh01DLCPGH02,dlcpgh02DLCPGH03,dlcpgh03DLCPGH04,dlcpgh04DLCPHSBC01,dlcphsbc01DLCPHSBC02,dlcphsbc02DLCPROXY,dlcproxyDLCPROXY10,dlcproxy10DLCPROXY20,dlcproxy20DLCPROXY3,dlcproxy3DLCPROXY4,dlcproxy4DLCPROXYLB,dlcproxylbDLCPROXY_WR,dlcproxy_wrDLCS1,dlcs1DLCSCIM,dlcscimDLCTEC,dlctecDLCTEST,dlctestDLCTEST1,dlctest1DLCTMR,dlctmrDLCWMIS,dlcwmisDLCWRSBC01,dlcwrsbc01DLCWRSBC02,dlcwrsbc02DLQ-GBDX4S1-L,dlq-gbdx4s1-lDLWSUPPORT-DEV,dlwsupport-devDLWSUPPORT-STG,dlwsupport-stgDLWSUPPORT-TST,dlwsupport-tstDMZ-C95,dmz-c95DOC6180,doc6180DOMAINDNSZONES,domaindnszonesDQE,dqeDQE2109_CH1,dqe2109_ch1DQE2109_CH2,dqe2109_ch2DQE2109_WR1,dqe2109_wr1DQE2109_WR2,dqe2109_wr2DQE2109_WR3,dqe2109_wr3DQE3494,dqe3494DQEESS1C1,dqeess1c1DQEESS1C2,dqeess1c2DQEESS2C1,dqeess2c1DQEESS2C2,dqeess2c2DQEESSNET1,dqeessnet1DQEESSNET2,dqeessnet2DQEPS001,dqeps001DQERSA1,dqersa1DQERSA2,dqersa2DRAV-WASGSIP3,drav-wasgsip3DRAVO-17TH-NORTH,dravo-17th-northDRAVO-17TH-SOUTH,dravo-17th-southDRAVO-35TH,dravo-35thDRVIDEO,drvideoDUQDHCP1,duqdhcp1DUQDHCP2,duqdhcp2DUQSP,duqspDUQSPT,duqsptDUQUESNE-CLUB,duquesne-clubDW,dwDYNATEST,dynatestEDI-A002-MAINCOMMS,edi-a002-maincommsEDI-A003-ACCESS,edi-a003-accessEDI-C30-5-6,edi-c30-5-6EDI-R001-ROUTER,edi-r001-routerEDISON-EXTSW,edison-extswEDISON7120,edison7120EIGHTH-PENN,eighth-pennEMPLOYEESELFSERVE,employeeselfserveEQ-PH-DQE,eq-ph-dqeEQ-PH-DQE-01,eq-ph-dqe-01EQ-PH-DQE-02,eq-ph-dqe-02EQ-PH-DQE-03,eq-ph-dqe-03EQ-PH-DQE-04,eq-ph-dqe-04EQ-PH-DQE-05,eq-ph-dqe-05EQ-PH-DQE-06,eq-ph-dqe-06EQ-PH-DQE-07,eq-ph-dqe-07EQ-PH-DQE-08,eq-ph-dqe-08EQ-PH-DQE-10G,eq-ph-dqe-10gEQ-PH-DQE-10G-01,eq-ph-dqe-10g-01EQ-PH-FOCUS,eq-ph-focusEQ-PH-FOCUS-01,eq-ph-focus-01EQ-PH-FOCUS-02,eq-ph-focus-02EQ-PH-FOCUS-03,eq-ph-focus-03EQ-PH-FOCUS-04,eq-ph-focus-04EQ-PH-FOCUS-QA,eq-ph-focus-qaEQ-PH-FOCUS-QA-01,eq-ph-focus-qa-01EQ-PH-FOCUS-QA-02,eq-ph-focus-qa-02EQ-PH-FOCUS-QA-03,eq-ph-focus-qa-03EQ-PH-FOCUS-QA-04,eq-ph-focus-qa-04EQ-PH-FOCUS-QA-05,eq-ph-focus-qa-05EQ-PH-FOCUS-QA-08,eq-ph-focus-qa-08EQ-WR-DQE,eq-wr-dqeEQ-WR-DQE-01,eq-wr-dqe-01EQ-WR-DQE-02,eq-wr-dqe-02EQ-WR-DQE-03,eq-wr-dqe-03EQ-WR-DQE-04,eq-wr-dqe-04EQ-WR-DQE-05,eq-wr-dqe-05EQ-WR-DQE-06,eq-wr-dqe-06EQ-WR-DQE-07,eq-wr-dqe-07EQ-WR-DQE-08,eq-wr-dqe-08EQ-WR-DQE-10G,eq-wr-dqe-10gEQ-WR-DQE-10G-01,eq-wr-dqe-10g-01EQ-WR-DQE-10G-02,eq-wr-dqe-10g-02EQ-WR-FOCUS,eq-wr-focusEQ-WR-FOCUS-01,eq-wr-focus-01EQ-WR-FOCUS-02,eq-wr-focus-02EQ-WR-FOCUS-03,eq-wr-focus-03EQ-WR-FOCUS-04,eq-wr-focus-04EQ-WR-FOCUS-05,eq-wr-focus-05EQ-WR-FOCUS-07,eq-wr-focus-07EQ-WR-FOCUS-08,eq-wr-focus-08ERPVIO1,erpvio1ERPVIO2,erpvio2ES0001,es0001ESC-PARTNERS,esc-partnersESDOCS,esdocsETIME-0,etime-0EXCHANGE,exchangeEXCHANGE-GARRISON,exchange-garrisonEXCLUSTER,exclusterEXTHOD,exthodEXTHOD1,exthod1EXTR-REMOTE-CONNECT-1,extr-remote-connect-1EXTRAHOP1,extrahop1EXTRAHOP2,extrahop2EXTRANET,extranetF5-WR-QAS-X-X01,f5-wr-qas-x-x01F5-WR-QAS-X-X02,f5-wr-qas-x-x02F5-WR-SCD-X-X01,f5-wr-scd-x-x01F5-WR-SCD-X-X02,f5-wr-scd-x-x02FAGAN-COMM2A-N89-30-30,fagan-comm2a-n89-30-30FAGAN-COMMA-N89-30-1,fagan-comma-n89-30-1FAGAN-COMMA-N89-30-2,fagan-comma-n89-30-2FAGAN-N89-30-13,fagan-n89-30-13FASTTMGR,fasttmgrFCRAIG,fcraigFIFTH-235,fifth-235FIFTH-312,fifth-312FIFTH-345,fifth-345FIFTH-CHARETTE,fifth-charetteFIFTH-PENN-3RD,fifth-penn-3rdFIFTH-WASHINGTON,fifth-washingtonFIFTH-WOOD,fifth-woodFINDLAY-EXTSW,findlay-extswFINDLAYRTR,findlayrtrFIRST-151,first-151FIRST-321,first-321FIRST-413,first-413FIRST-601,first-601FIRST-COMMONWEALTH,first-commonwealthFIRST-ROSS,first-rossFIRST-SMITHFIELD,first-smithfieldFOCUSNQ,focusnqFOCUSPROD,focusprodFOCUSQA,focusqaFORBES-315,forbes-315FORBES-325,forbes-325FORBES-333,forbes-333FORBES-334,forbes-334FORBES-564,forbes-564FORBES-711,forbes-711FORBES-CHERRY,forbes-cherryFORBES-DELRAY,forbes-delrayFORBES-MCMASTER,forbes-mcmasterFORESTDNSZONES,forestdnszonesFORT-PITT-WOOD,fort-pitt-woodFOURTH-117,fourth-117FOURTH-118,fourth-118FOURTH-205,fourth-205FOURTH-206,fourth-206FOURTH-221,fourth-221FOURTH-237,fourth-237FOURTH-251,fourth-251FOURTH-301,fourth-301FOURTH-312,fourth-312FOURTH-324,fourth-324FOURTH-334,fourth-334FOURTH-428,fourth-428FOURTH-501,fourth-501FOURTH-CHERRY,fourth-cherryFOURTH-DELRAY,fourth-delrayFOURTH-GRANT,fourth-grantFOURTH-SMITHFIELD,fourth-smithfieldFSIH-GBD55S1-L,fsih-gbd55s1-lFT-DUQ-STANWIX,ft-duq-stanwixFT-DUQUESNE-400,ft-duquesne-400FT-DUQUESNE-632,ft-duquesne-632FT-DUQUESNE-8TH,ft-duquesne-8thFT-DUQUESNE-912,ft-duquesne-912FT-DUQUESNE-9TH,ft-duquesne-9thFT-DUQUESNE-BARKER,ft-duquesne-barkerFT-DUQUESNE-GARRISON,ft-duquesne-garrisonFT-DUQUESNE-SIXTH,ft-duquesne-sixthFT-PITT-213,ft-pitt-213FT-PITT-439,ft-pitt-439FT-PITT-MARKET,ft-pitt-marketFT-PITT-SMITHFIELD,ft-pitt-smithfieldFT-PITT-STANWIX,ft-pitt-stanwixFTP,ftpFW-WR-SCD-X-X02,fw-wr-scd-x-x02GATEWAY-FOUR,gateway-fourGATEWAY-ONE,gateway-oneGATEWAY-SIX,gateway-sixGATEWAY-THREE,gateway-threeGATEWAY-TWO,gateway-twoGENESYS_FTP,genesys_ftpGRAME-FORBES,grame-forbesGRANT-110,grant-110GRANT-429,grant-429GRANT-500,grant-500GRANT-ALLIES,grant-alliesGULF-BASEMENT,gulf-basementGULF-GRANT,gulf-grantHELPERVM05,helpervm05HERSHEY7120,hershey7120HIGHLAND-EXTSW,highland-extswHIGHLAND_SUB,highland_subHIPATHMANAGEMENT,hipathmanagementHOD,hodHOD-3,hod-3HOD-6,hod-6HOD-T,hod-tHODDUQLIGHT,hodduqlightHODTEST,hodtestHPLASERJ2430,hplaserj2430HR-NEW,hr-newHRFTP,hrftpHR_D,hr_dHR_NEW,hr_newHWR0302,hwr0302IBM-1OFD0O350EV,ibm-1ofd0o350evIBM-36QMF7P1EC6,ibm-36qmf7p1ec6IBM-LVIC7TJTJQC,ibm-lvic7tjtjqcICA,icaICA_NT,ica_ntICW,icwIEFTP1,ieftp1INFOCALLWEB_D,infocallweb_dINTEL-R10,intel-r10INTEL-R9,intel-r9IT-SECURE-D,it-secure-dIT-T,it-tITIS-0,itis-0ITL-CND0481BW33,itl-cnd0481bw33ITL-CNU239BG402,itl-cnu239bg402ITSTATUS-D,itstatus-dITSTATUS_D,itstatus_dITTK-D,ittk-dITTK_D,ittk_dIT_D,it_dIT_SECURE_D,it_secure_dJDEVAPPA-LAP,jdevappa-lapJODODSON-L1,jododson-l1JTASSONE-VM,jtassone-vmKIP6000,kip6000KVM-PH-INTELRACK3,kvm-ph-intelrack3KWGLLC-TOSH-POR,kwgllc-tosh-porLEGAL-D,legal-dLEGAL_D,legal_dLELMER-US,lelmer-usLIBERTY-1025,liberty-1025LIBERTY-606,liberty-606LIBERTY-615,liberty-615LIBERTY-620,liberty-620LIBERTY-647,liberty-647LIBERTY-808,liberty-808LIBERTY-COMMONWLTH,liberty-commonwlthLIBERTY-EIGHTH,liberty-eighthLIBERTY-GARRISON,liberty-garrisonLIBERTY-GRANT,liberty-grantLIBERTY-HILTON,liberty-hiltonLIBERTY-NINTH,liberty-ninthLIBERTY-OLIVER,liberty-oliverLIBERTY-SEVENTH,liberty-seventhLIBERTY-WOOD,liberty-woodLNAR-PB24E9V,lnar-pb24e9vLNAR-PB7YBAY,lnar-pb7ybayLNAR-PBF06WE,lnar-pbf06weLNAR-PBNHNP1,lnar-pbnhnp1LNAR-PBNHNR4,lnar-pbnhnr4LNAR-PBV1A39,lnar-pbv1a39LNAR-R81E0E7,lnar-r81e0e7LNAR-R86XA2K,lnar-r86xa2kLNAR-R8D32YD,lnar-r8d32ydLNAR-R8EN8Z1,lnar-r8en8z1LNAR-R8F2X5V,lnar-r8f2x5vLNAR-R8PV63L,lnar-r8pv63lLNAR-R8PV78X,lnar-r8pv78xLNAR-R8V7FKX,lnar-r8v7fkxLNAR-R8VWX0E,lnar-r8vwx0eLNAR-R99WFAG,lnar-r99wfagLNAR-R9WV0CH,lnar-r9wv0chLNAR-R9XA574,lnar-r9xa574LNAR-R9Z6FWH,lnar-r9z6fwhLOGSTASH-PH,logstash-phLOGSTASH-WR,logstash-wrLOMINGT,lomingtLOMINGT1,lomingt1LOOP-A-MASTER-PNL91,loop-a-master-pnl91LOOP-B-MASTER-PNL90,loop-b-master-pnl90LOOP-B-MASTER-PNL91,loop-b-master-pnl91LOOP-C-MASTER-PNL90,loop-c-master-pnl90LOOP-C-MASTER-PNL91,loop-c-master-pnl91LOOP-D-MASTER-PNL90,loop-d-master-pnl90LOOP-D-MASTER-PNL91,loop-d-master-pnl91LOOP-E-MASTER-PNL90,loop-e-master-pnl90LOOP-E-MASTER-PNL91,loop-e-master-pnl91LOOP-F-MASTER-PNL90,loop-f-master-pnl90LOOP-F-MASTER-PNL91,loop-f-master-pnl91LOOP-G-MASTER-PNL90,loop-g-master-pnl90LOOP-G-MASTER-PNL91,loop-g-master-pnl91LOOP-H-MASTER-PNL90,loop-h-master-pnl90LOOP-H-MASTER-PNL91,loop-h-master-pnl91LOOPBACK,loopbackLOOP_A_MASTER_PNL90,loop_a_master_pnl90MADHUBHARATH,madhubharathMAINFRAME,mainframeMAN-R001-ROUTER,man-r001-routerMAN-c30-7-11,man-c30-7-11MAN-c30-7-12,man-c30-7-12MAN-c30-7-13,man-c30-7-13MANCHESTER,manchesterMANCHESTER3RD-EXTSW,manchester3rd-extswMANCHHP,manchhpMARKET-ALLIES,market-alliesMASTERPIECE-T,masterpiece-tMAXIMOREPORTS,maximoreportsMCK-1-A002-MAINCOMMS,mck-1-a002-maincommsMCK-1-A006-ACCESS,mck-1-a006-accessMCK-N89-6-2,mck-n89-6-2MCK-R001-ROUTER,mck-r001-routerMCKEESPORT-EXTSW,mckeesport-extswMCKEESPORTRTR,mckeesportrtrMETERSHOP-EXTSW,metershop-extswMETERTEST,metertestMETHODIST-14-UNION,methodist-14-unionMFP10NM,mfp10nmMFP11QASNM,mfp11qasnmMFP12PH,mfp12phMFP13PA,mfp13paMFP14R3,mfp14r3MFP15R2,mfp15r2MFP16S,mfp16sMFP17WR1,mfp17wr1MFP18WR2,mfp18wr2MFP19WR3,mfp19wr3MFP1ED,mfp1edMFP20WR4,mfp20wr4MFP21WR5,mfp21wr5MFP22WR6,mfp22wr6MFP2SSW,mfp2sswMFP34116,mfp34116MFP44117,mfp44117MFP54118,mfp54118MFP64119,mfp64119MFP741115,mfp741115MFP841116,mfp841116MFP9MK,mfp9mkMININT-OB5TA1C,minint-ob5ta1cMKANAPAR-LAP,mkanapar-lapMONHOURS,monhoursMONTOUR-SIXTH,montour-sixthMPEXTIPVIDEO,mpextipvideoMSCDS,mscdsMSDS-ACCESS,msds-accessMV01,mv01MVM99,mvm99MVRSCLIENT2,mvrsclient2MVRSSERVER,mvrsserverMVWEB,mvwebMW700C40LVCA1U,mw700c40lvca1uMW700PAOSMXWC4,mw700paosmxwc4MW7021IKO4SFEM,mw7021iko4sfemMW719CAFR27RCJ,mw719cafr27rcjMW719RMX2TRLDZ,mw719rmx2trldzMW71DV5UW2ZH0J,mw71dv5uw2zh0jMW71RQT0LOD3MN,mw71rqt0lod3mnMW71WDT7B6GTDK,mw71wdt7b6gtdkMW71XU5PE2RPU8,mw71xu5pe2rpu8MW72I0NP6LHUJ6,mw72i0np6lhuj6MW72PCF0W706FX,mw72pcf0w706fxMW72ZGECVECKJU,mw72zgecveckjuMW730E1L8CJSWM,mw730e1l8cjswmMW733E5V6J0JOA,mw733e5v6j0joaMW73FKPH191MBZ,mw73fkph191mbzMW73IG9BZQODIS,mw73ig9bzqodisMW73XY2Q0WJR66,mw73xy2q0wjr66MW73ZZGZH1SCY8,mw73zzgzh1scy8MW743WHRWC5QTY,mw743whrwc5qtyMW75HDS31VG8LB,mw75hds31vg8lbMW75IBKDGVZCCD,mw75ibkdgvzccdMW75Y5XW7XVHLQ,mw75y5xw7xvhlqMW7652W8SWOKHC,mw7652w8swokhcMW77JKD5SZ3IBY,mw77jkd5sz3ibyMW77Q6KIBSFG59,mw77q6kibsfg59MW77UI5N6WUCI6,mw77ui5n6wuci6MW77UXUT2GFLRA,mw77uxut2gflraMW782UYCB9EJ2R,mw782uycb9ej2rMW789ZF5RQIPCC,mw789zf5rqipccMW78IKAL719OKP,mw78ikal719okpMW78S7GKMFE1Y4,mw78s7gkmfe1y4MW78Z9WOC5648R,mw78z9woc5648rMW791K9GBBD10O,mw791k9gbbd10oMW79AQ1G350VL9,mw79aq1g350vl9MW7CRCLMDQBO7H,mw7crclmdqbo7hMW7CUIK6C7J7MB,mw7cuik6c7j7mbMW7E4ATMXQAT9O,mw7e4atmxqat9oMW7E5CEQO3CKEJ,mw7e5ceqo3ckejMW7F0FGZ47YXZO,mw7f0fgz47yxzoMW7F5P549CGQCV,mw7f5p549cgqcvMW7FCCZWVM319E,mw7fcczwvm319eMW7FDC7F5PBZC0,mw7fdc7f5pbzc0MW7FI32WIYUUY2,mw7fi32wiyuuy2MW7FINPIQP0U4X,mw7finpiqp0u4xMW7FPDXC2WFCUL,mw7fpdxc2wfculMW7FY09MJES2L3,mw7fy09mjes2l3MW7G1P19QIB32L,mw7g1p19qib32lMW7G95BF145XOO,mw7g95bf145xooMW7GOHDUDW43BU,mw7gohdudw43buMW7GQJJC2B4WX5,mw7gqjjc2b4wx5MW7GT40CXPLZ6Z,mw7gt40cxplz6zMW7HDA42UVDZUZ,mw7hda42uvdzuzMW7HR4ZTRVPENO,mw7hr4ztrvpenoMW7HUZPXGS7S4H,mw7huzpxgs7s4hMW7HVOCUL5PW7A,mw7hvocul5pw7aMW7IA7LIVUIY00,mw7ia7livuiy00MW7IDNP2EUUF00,mw7idnp2euuf00MW7IEAA7BJJVKH,mw7ieaa7bjjvkhMW7IESHFFCFIYE,mw7ieshffcfiyeMW7J326O29WZNU,mw7j326o29wznuMW7J8FISY1DU0D,mw7j8fisy1du0dMW7JC7DYIMQ43M,mw7jc7dyimq43mMW7JJB5IVD3QQY,mw7jjb5ivd3qqyMW7L7O79XVOL4O,mw7l7o79xvol4oMW7LJRSSY10EMV,mw7ljrssy10emvMW7LTJ4JT46IHM,mw7ltj4jt46ihmMW7MCT2J0W8OX8,mw7mct2j0w8ox8MW7MHAAZBN3GFB,mw7mhaazbn3gfbMW7ML64L6WBDRZ,mw7ml64l6wbdrzMW7MOBYPVYQ1WQ,mw7mobypvyq1wqMW7N3NSNLQI5ZN,mw7n3nsnlqi5znMW7NJ7Q1SCE8JQ,mw7nj7q1sce8jqMW7O080S7UHTD4,mw7o080s7uhtd4MW7P85FTAR276Y,mw7p85ftar276yMW7P8GGZESH0GT,mw7p8ggzesh0gtMW7PAZSDZN67I3,mw7pazsdzn67i3MW7PE2PA2OTQWP,mw7pe2pa2otqwpMW7PFNHP0OIBJY,mw7pfnhp0oibjyMW7PZK2PF1NVWO,mw7pzk2pf1nvwoMW7Q23D5L7ZW8P,mw7q23d5l7zw8pMW7QM2N8WWC7Z1,mw7qm2n8wwc7z1MW7QMFCEUP1T2D,mw7qmfceup1t2dMW7QRE97VMXCD8,mw7qre97vmxcd8MW7RCJ0PZK0OO9,mw7rcj0pzk0oo9MW7RH58ZLGP5HB,mw7rh58zlgp5hbMW7RMP1D26LIO0,mw7rmp1d26lio0MW7RSG27PZCRTM,mw7rsg27pzcrtmMW7RY60GTJHGKY,mw7ry60gtjhgkyMW7SA82RFRZ2LZ,mw7sa82rfrz2lzMW7SI7VGY8GNL8,mw7si7vgy8gnl8MW7T4Q75WUFDGD,mw7t4q75wufdgdMW7TO3JNV1ASR2,mw7to3jnv1asr2MW7UHBMPJA41Y5,mw7uhbmpja41y5MW7UTMC71M5ZDA,mw7utmc71m5zdaMW7UUYSK9Y346Y,mw7uuysk9y346yMW7UZLEBJZEEXV,mw7uzlebjzeexvMW7V0CQNPX569P,mw7v0cqnpx569pMW7V3CDUWYPI1O,mw7v3cduwypi1oMW7VDH5LXF7ESU,mw7vdh5lxf7esuMW7VLTCYH7I0U0,mw7vltcyh7i0u0MW7VXH45BZYX9B,mw7vxh45bzyx9bMW7W1KJKVTOYHP,mw7w1kjkvtoyhpMW7W5YY8GCBD95,mw7w5yy8gcbd95MW7W8ZDGRL8FXA,mw7w8zdgrl8fxaMW7WDOZYHB2A9M,mw7wdozyhb2a9mMW7WSNN65FWM2F,mw7wsnn65fwm2fMW7XCHGDLRIXB5,mw7xchgdlrixb5MW7XCNQBWP4DUD,mw7xcnqbwp4dudMW7XG3VJFAW0QN,mw7xg3vjfaw0qnMW7XHTSI5E9I7W,mw7xhtsi5e9i7wMW7XIMMCUWK4FO,mw7ximmcuwk4foMW7XK2CNY8CXM1,mw7xk2cny8cxm1MW7XNES5N5XY3J,mw7xnes5n5xy3jMW7XVZQ0NRHLPH,mw7xvzq0nrhlphMW7Y4NH78WTZTH,mw7y4nh78wtzthMW7Y865W27MF6A,mw7y865w27mf6aMW7YFLBSUYAJE3,mw7yflbsuyaje3MW7YQBR9II2Y1K,mw7yqbr9ii2y1kMW7YVAIEQUXBB8,mw7yvaiequxbb8MW7ZMCCSBS627K,mw7zmccsbs627kMW7ZOHF2IVOIG3,mw7zohf2ivoig3MWMQA2AS01,mwmqa2as01MWMQA2AS02,mwmqa2as02MWMQA2IS01,mwmqa2is01MWMQA2IS02,mwmqa2is02MWMQAAS01,mwmqaas01MWMQAAS02,mwmqaas02MWMQAIS01,mwmqais01MWMQAIS02,mwmqais02MXEMAIL,mxemailMYBENEFITS,mybenefitsMYBENEFITS-TST,mybenefits-tstMYHR,myhrMYHR-TST,myhr-tstMYPAYROLL,mypayrollMYPAYROLL-TST,mypayroll-tstN10-211-17-163 -- corp sec,n10-211-17-163 -- corp secNAE03,nae03NAR-L-000431,nar-l-000431NAR-L-001556,nar-l-001556NAR-L-004325,nar-l-004325NAR-L-004911,nar-l-004911NASCIS2,nascis2NASCIS3,nascis3NASFIRE1,nasfire1NASFIRE11,nasfire11NASFIRE12,nasfire12NASFIRE13,nasfire13NASFIRE14,nasfire14NASFIRE15,nasfire15NASFIRE16,nasfire16NASFIRE17,nasfire17NASFIRE18,nasfire18NASFIRE19,nasfire19NASFIRE2,nasfire2NASFIRE20,nasfire20NASFIRE21,nasfire21NASFIRE22,nasfire22NASFIRE23,nasfire23NASFIRE24,nasfire24NASFIRE25,nasfire25NASFIRE26,nasfire26NASFIRE27,nasfire27NASFIRE3,nasfire3NASFIRE4,nasfire4NASFIRE5,nasfire5NASFIRE6,nasfire6NASFIRE7,nasfire7NASFIRE8,nasfire8NASFIREM,nasfiremNASFIREM2,nasfirem2NASPH01,nasph01NASQA01,nasqa01NASWR01,naswr01NCN3640RTR,ncn3640rtrNCOFTP,ncoftpNERCTAGS,nerctagsNETSMART1,netsmart1NETSMARTY8,netsmarty8NETWORKSWITCHA1,networkswitcha1NEWWWCINET,newwwcinetNINTH-121,ninth-121NINTH-CAPA,ninth-capaNINTH-EXCHANGE,ninth-exchangeNINTH-FRENCH,ninth-frenchNINTH-PENN,ninth-pennNMSWAS,nmswasNORTEL_1648T_411,nortel_1648t_411NORTEL_PP_411,nortel_pp_411NORTEL_PP_MANCHESTER,nortel_pp_manchesterNORTEL_PP_PENNHILLS,nortel_pp_pennhillsNORTEL_PP_WR_BLDG2,nortel_pp_wr_bldg2NORTEL_PP_WR_BLDG3,nortel_pp_wr_bldg3NOTES-MAIL,notes-mailNOTES-WAP,notes-wapNPHCPDUAM,nphcpduamNPHCPDUBM,nphcpdubmNPHDDPDUAM,nphddpduamNPHDDPDUBM,nphddpdubmNPHDIBA1M,nphdiba1mNPHDIBB1M,nphdibb1mNPHDPDUA1M,nphdpdua1mNPHDPDUB1M,nphdpdub1mNPHDSW1M,nphdsw1mNPHQIBA1M,nphqiba1mNPHQIBB1M,nphqibb1mNPHQPDUA1M,nphqpdua1mNPHQPDUAM,nphqpduamNPHQPDUB1M,nphqpdub1mNPHQPDUBM,nphqpdubmNPHQSW1M,nphqsw1mNPHZSCSWAM,nphzscswamNPHZSCSWBM,nphzscswbmNQMSLINUX,nqmslinuxNSBDC,nsbdcNSC100A,nsc100aNSWRARN,nswrarnNTPFOCUSTST,ntpfocuststNWRPIBA1M,nwrpiba1mNWRPIBB1M,nwrpibb1mNWRPPDUA1M,nwrppdua1mNWRPPDUB1M,nwrppdub1mNWRPSW1M,nwrpsw1mNWRZPDUAM,nwrzpduamNWRZSCSWAM,nwrzscswamNWRZSCSWBM,nwrzscswbmNortel_PP_WR_bldg3,nortel_pp_wr_bldg3O-REILLY-THEATER,o-reilly-theaterOAKLANDSES-N211-14-70,oaklandses-n211-14-70OASORCL,oasorclOAS_D1,oas_d1OAS_D2,oas_d2OAS_ER,oas_erOAS_ER1,oas_er1OAS_ER2,oas_er2OAS_ERT,oas_ertOAS_T,oas_tOAS_V,oas_vOLD59,old59OLIVER-315,oliver-315OLIVER-LAZARUS,oliver-lazarusONDEMAND_WB01,ondemand_wb01OPC3,opc3OPCCONTROL0,opccontrol0OPCCONTROL2,opccontrol2OPCCONTROL3,opccontrol3OPC_CONTROL0,opc_control0OPC_CONTROL2,opc_control2OPC_CONTROL3,opc_control3OPENCISPRD,opencisprdOPERATIONSCENTER-0,operationscenter-0OPERATIONSCENTER-T,operationscenter-tOPNET,opnetOPUS2270-PC,opus2270-pcORACLE-TUGBU,oracle-tugbuORAINFO,orainfoORIGINT510-0001,origint510-0001OS390,os390OS390S2,os390s2OS390S3,os390s3OS390S4,os390s4OUTAGE_D,outage_dOVCAMN05R1,ovcamn05r1OVCAMN06R1,ovcamn06r1OVERLIB-T,overlib-tOW-ICR,ow-icrOW-ICRQA,ow-icrqaP376AS1,p376as1P376MICR1,p376micr1PA-MAP-D,pa-map-dPAAM_SERVER,paam_serverPAM,pamPATROLT,patroltPAYPROC150,payproc150PAYPROC7200-1,payproc7200-1PAYPROC7200-2,payproc7200-2PAYROLLBACKOFFICE,payrollbackofficePAYROLLBACKOFFICE-TST,payrollbackoffice-tstPA_MAP_D,pa_map_dPC0001,pc0001PC0003,pc0003PC0006,pc0006PC1056,pc1056PC3862,pc3862PC3980,pc3980PC6510,pc6510PDU_411_FL-15_N17,pdu_411_fl-15_n17PDU_411_FL-15_N18,pdu_411_fl-15_n18PDU_411_FL-6_N32,pdu_411_fl-6_n32PDU_411_FL-7_N21,pdu_411_fl-7_n21PDU_411_FL-8B_N23,pdu_411_fl-8b_n23PDU_411_FL-8_N23,pdu_411_fl-8_n23PDU_411_FL6_N7,pdu_411_fl6_n7PDU_411_FL7_N21-A,pdu_411_fl7_n21-aPENN-1018,penn-1018PENN-531,penn-531PENN-549,penn-549PENN-607,penn-607PENN-900,penn-900PENN-911,penn-911PENN-915,penn-915PENN-927,penn-927PENN-933,penn-933PENN-947,penn-947PENN-958,penn-958PENN-BARKER,penn-barkerPENN-CECIL,penn-cecilPENN-FIFTH-NW50,penn-fifth-nw50PENN-GARRISON,penn-garrisonPENN-MENTOR,penn-mentorPENNHILLS-EXTSW,pennhills-extswPENNHILLSRTR,pennhillsrtrPH-1-WIRELESS-N89-160-2,ph-1-wireless-n89-160-2PH-126-F013-ASA-INT,ph-126-f013-asa-intPH-ACCESS-RTR,ph-access-rtrPH-ALTEON,ph-alteonPH-AMR,ph-amrPH-AMR-NCN,ph-amr-ncnPH-C88-202-4,ph-c88-202-4PH-C88-202-5,ph-c88-202-5PH-D88-106-2,ph-d88-106-2PH-J88-5-141,ph-j88-5-141PH-MD3260,ph-md3260PH-PASSPORT,ph-passportPH-SVC-N10-89-7-23,ph-svc-n10-89-7-23PH-SVC-N10-89-7-6,ph-svc-n10-89-7-6PH-WSA-2,ph-wsa-2PH-WSA-MGMT-2,ph-wsa-mgmt-2PH-WSA-P1-2,ph-wsa-p1-2PHAC1,phac1PHAC2,phac2PHAMIDKUS,phamidkusPHAMISES,phamisesPHBVTLASMAX01,phbvtlasmax01PHDEVTESTMAX,phdevtestmaxPHONEGUIDELIVE,phoneguidelivePHONEREPORTS,phonereportsPHONEREPORTS_D,phonereports_dPHUPSDC,phupsdcPHVPNSRV,phvpnsrvPHVPNSRV2,phvpnsrv2PH_C88_100_12,ph_c88_100_12PH_C88_104_2,ph_c88_104_2PH_CALL-CTR_10-89-40-4,ph_call-ctr_10-89-40-4PH_Call-ctr_c10-89-40-4,ph_call-ctr_c10-89-40-4PH_F5,ph_f5PH_F5.dqe.com,ph_f5.dqe.comPH_F5_LTM,ph_f5_ltmPH_J88_6_12,ph_j88_6_12PISERVER,piserverPITPAAIX,pitpaaixPITTL-HT3YGH1,pittl-ht3ygh1PITTSBURGHUTS,pittsburghutsPLPC-7199,plpc-7199PMRSDOCS,pmrsdocsPNC-PARK-VAULT-A,pnc-park-vault-aPNC-PARK-VAULT-B,pnc-park-vault-bPNC-PARK-VAULT-C1,pnc-park-vault-c1PNC-PARK-VAULT-C2,pnc-park-vault-c2PNC-PARK-VAULT-D,pnc-park-vault-dPOINT-STATE-PARK,point-state-parkPOLR-D,polr-dPOLR_D,polr_dPPG-41ST,ppg-41stPPG-SOUTH-ANNEX,ppg-south-annexPRDALAL-IDC,prdalal-idcPRE-C30-8-12,pre-c30-8-12PREBLE-EXTSW,preble-extswPRINT_Q1,print_q1PROSPECT-D,prospect-dPRUC-D,pruc-dPRUC_D,pruc_dPSC-CREW-113A-N89-64-3,psc-crew-113a-n89-64-3PSLAT3,pslat3PTI_A,pti_aPUCBCS_ATTACHMENT,pucbcs_attachmentPUCBCS_CLOSEARCHIVE,pucbcs_closearchivePUCBCS_CLOSEARCHIVE-D,pucbcs_closearchive-dPUCBCS_CREATEDXML,pucbcs_createdxmlPUCBCS_CREATEDXML-D,pucbcs_createdxml-dPUCBCS_ICLOSE,pucbcs_iclosePUCBCS_ICLOSE-D,pucbcs_iclose-dPUCBCS_ICONF,pucbcs_iconfPUCBCS_ICONF-D,pucbcs_iconf-dPUCBCS_INCLOSE,pucbcs_inclosePUCBCS_INCLOSE-D,pucbcs_inclose-dPUCBCS_INCONF,pucbcs_inconfPUCBCS_INCONF-D,pucbcs_inconf-dPUCBCS_INOPEN,pucbcs_inopenPUCBCS_INOPEN-D,pucbcs_inopen-dPUCBCS_IOPEN,pucbcs_iopenPUCBCS_IOPEN-D,pucbcs_iopen-dPUCBCS_OTHERSOUT,pucbcs_othersoutPUCBCS_OTHERSOUT-D,pucbcs_othersout-dPUCBCS_XML,pucbcs_xmlPUCBCS_XML-D,pucbcs_xml-dPUCBCS_XMLOUT,pucbcs_xmloutPUCBCS_XMLOUT-D,pucbcs_xmlout-dPUCREPORT,pucreportPUCSURVEY,pucsurveyPURE-PH-DQE-01,pure-ph-dqe-01QASSCCWWSWEB2,qassccwwsweb2QASSOCARC,qassocarcQASWASWSUS,qaswaswsusRAC-2-N89-0-8,rac-2-n89-0-8RAC-BLDG2-C30-9-13,rac-bldg2-c30-9-13RAC-BLDG3-C30-9-14,rac-bldg3-c30-9-14RAC-J2200-015-BLDG3-LAPTOPS,rac-j2200-015-bldg3-laptopsRAC-R001-ROUTER,rac-r001-routerRAC-SUB-N89-0-9,rac-sub-n89-0-9RACCOON-EXTSW,raccoon-extswRAMMUPPIDI-IN,rammuppidi-inRDBROKER,rdbrokerRDBROKER-T,rdbroker-tRDSTESTFARM,rdstestfarmRDWEBACCESS,rdwebaccessRDWEBACCESS-T,rdwebaccess-tRDWEBPDOP,rdwebpdopRDWEBPTOP,rdwebptopRDWEBQDOP,rdwebqdopRDWEBQTOP,rdwebqtopREGCHECK,regcheckRELIANT_BELL-LINES_TO_BI,reliant_bell-lines_to_biRESERVATIONS,reservationsRIVERFRONT-13TH,riverfront-13thROSS-103,ross-103ROSS-315,ross-315ROSS-FORBES,ross-forbesROSS-FOURTH,ross-fourthROSS-THIRD,ross-thirdRR_RTU_1,rr_rtu_1RR_RTU_2,rr_rtu_2RSA-WASDYNP,rsa-wasdynpRSA-WASLIC1,rsa-waslic1RSA-WASTTS,rsa-wasttsRSA-WDSNSB,rsa-wdsnsbRSA-WDSNSBDR,rsa-wdsnsbdrRSA-WDSWEB2,rsa-wdsweb2RSA-WMCNOTES2,rsa-wmcnotes2RSA-WTSMPS0B,rsa-wtsmps0bRSA-WTSMPS0C,rsa-wtsmps0cRSA-WTSMPS0D,rsa-wtsmps0dS0033,s0033S0035,s0035S0040,s0040S0052,s0052S0057,s0057S0078,s0078S0078SFTP,s0078sftpS1-ADS01,s1-ads01S390DB2P,s390db2pS390DB2T,s390db2tSCADAKPI,scadakpiSCC2K3TEST,scc2k3testSCC2K8TEST,scc2k8testSCCDC1-TESTLAB,sccdc1-testlabSCCITASSETS,sccitassetsSCCITIS,sccitisSCCLDSSCADAD-TESTLAB,sccldsscadad-testlabSCCSECLDAP,sccsecldapSCCVISITORTRACKING,sccvisitortrackingSCCWASLD3,sccwasld3SCCWASTERM2-TESTLAB,sccwasterm2-testlabSCCWASWSUS,sccwaswsusSCCWEB,sccwebSCCWIAS1-TESTLAB,sccwias1-testlabSCCWSPFOUND,sccwspfoundSCCWSPFOUNDARCH,sccwspfoundarchSCC_NETWORK_L3-SW,scc_network_l3-swSCMB-D,scmb-dSCMB_D,scmb_dSCOTT-100,scott-100SCR,scrSCSQLNERCPDB,scsqlnercpdbSCSQLNERCQDB,scsqlnercqdbSCSQLSHPPDB,scsqlshppdbSCSQLSHPTDB,scsqlshptdbSCWDSSQLCTMP,scwdssqlctmpSCWDSSQLCTMT,scwdssqlctmtSEC-CHES-N211-13-79,sec-ches-n211-13-79SECLDAP-T,secldap-tSECLDAP_D,secldap_dSECURE,secureSECURE1,secure1SECURE2,secure2SECURE_D,secure_dSERVICECENTER,servicecenterSERVICECENTER-T,servicecenter-tSEVENTH-130,seventh-130SEVENTH-MONTOUR,seventh-montourSEVENTH-WM-PENN,seventh-wm-pennSEY-C30-10-12,sey-c30-10-12SEY-C30-10-14,sey-c30-10-14SEY-C30-10-15,sey-c30-10-15SEY-C30-10-16,sey-c30-10-16SEY-R001-ROUTER,sey-r001-routerSHAREPOINT,sharepointSHSCRTR,shscrtrSIEMENS,siemensSIPSM1,sipsm1SIPSM1BACKUP,sipsm1backupSIPSM2,sipsm2SIPSM2BACKUP,sipsm2backupSIXTH-BIGELOW,sixth-bigelowSIXTH-DIAMOND,sixth-diamondSIXTH-MCCREA,sixth-mccreaSIXTH-SMITHFIELD,sixth-smithfieldSMARTCOMFORT,smartcomfortSMITHFIELD-305,smithfield-305SMITHFIELD-435,smithfield-435SMITHFIELD-511,smithfield-511SMITHFIELD-523,smithfield-523SMITHFIELD-536,smithfield-536SMITHFIELD-614,smithfield-614SMITHFIELD-635-637,smithfield-635-637SMITHFIELD-636,smithfield-636SMITHFIELD-8,smithfield-8SMITHFIELD-FOURTH,smithfield-fourthSMITHFIELD-SEVENTH,smithfield-seventhSMITHFIELD-THIRD,smithfield-thirdSMTPMAIL,smtpmailSOCARC,socarcSOCEXTREME-EXTSW,socextreme-extswSOCSQL1,socsql1SOCSQL4,socsql4SOCUIB1,socuib1SOCWEB,socwebSOCWEBT,socwebtSOLOMON_FTP,solomon_ftpSPHC-VIP,sphc-vipSPHD-SCAN,sphd-scanSPHD-SCAN-I,sphd-scan-iSPHDEX1ILM,sphdex1ilmSPHDEX2ILM,sphdex2ilmSPHDEXA1,sphdexa1SPHDEXA1-VIP,sphdexa1-vipSPHDEXA1B,sphdexa1bSPHDEXA1I,sphdexa1iSPHDEXA1I-VIP,sphdexa1i-vipSPHDEXA1M,sphdexa1mSPHDEXA1S,sphdexa1sSPHDEXA2,sphdexa2SPHDEXA2-VIP,sphdexa2-vipSPHDEXA2B,sphdexa2bSPHDEXA2I,sphdexa2iSPHDEXA2I-VIP,sphdexa2i-vipSPHDEXA2M,sphdexa2mSPHDEXA2S,sphdexa2sSPHDEXA2V,sphdexa2vSPHDEXA3S,sphdexa3sSPHDOGS1ILM,sphdogs1ilmSPHDOGS1M,sphdogs1mSPHDSS1ILM,sphdss1ilmSPHDSS1M,sphdss1mSPHDSS2ILM,sphdss2ilmSPHDSS2M,sphdss2mSPHDSS3ILM,sphdss3ilmSPHDSS3M,sphdss3mSPHEXA1V,sphexa1vSPHQ-SCAN,sphq-scanSPHQ-SCAN-VLAN,sphq-scan-vlanSPHQEX1ILM,sphqex1ilmSPHQEX2ILM,sphqex2ilmSPHQEX3ILM,sphqex3ilmSPHQEXA1,sphqexa1SPHQEXA1-VIP,sphqexa1-vipSPHQEXA1-VLAN,sphqexa1-vlanSPHQEXA1-VLAN-VIP,sphqexa1-vlan-vipSPHQEXA1B,sphqexa1bSPHQEXA1M,sphqexa1mSPHQEXA1S,sphqexa1sSPHQEXA1V,sphqexa1vSPHQEXA2,sphqexa2SPHQEXA2-VIP,sphqexa2-vipSPHQEXA2-VLAN,sphqexa2-vlanSPHQEXA2-VLAN-VIP,sphqexa2-vlan-vipSPHQEXA2B,sphqexa2bSPHQEXA2M,sphqexa2mSPHQEXA2S,sphqexa2sSPHQEXA2V,sphqexa2vSPHQEXA3,sphqexa3SPHQEXA3-VIP,sphqexa3-vipSPHQEXA3-VLAN,sphqexa3-vlanSPHQEXA3-VLAN-VIP,sphqexa3-vlan-vipSPHQEXA3B,sphqexa3bSPHQEXA3M,sphqexa3mSPHQEXA3V,sphqexa3vSPHQSS1ILM,sphqss1ilmSPHQSS1M,sphqss1mSPHQSS2ILM,sphqss2ilmSPHQSS2M,sphqss2mSPHQSS3ILM,sphqss3ilmSPHQSS3M,sphqss3mSPHQSS4ILM,sphqss4ilmSPHQSS4M,sphqss4mSPHQSS5ILM,sphqss5ilmSPHQSS5M,sphqss5mSPHQSS6ILM,sphqss6ilmSPHQSS6M,sphqss6mSPHREXA1,sphrexa1SPHZFS-10G-CLI-IQ,sphzfs-10g-cli-iqSPHZFS-10G-CLI-Q,sphzfs-10g-cli-qSPHZFS-10G-CLI-S,sphzfs-10g-cli-sSPHZFS1ILM,sphzfs1ilmSPHZFS1M,sphzfs1mSPHZFS2-DT,sphzfs2-dtSPHZFS2ILM,sphzfs2ilmSPHZFS2M,sphzfs2mSPHZPDUAM,sphzpduamSPHZPDUBM,sphzpdubmSPONSORPORTAL,sponsorportalSPRINTRTR,sprintrtrSQL2016TLISTNER,sql2016tlistnerSREMOTE,sremoteSREMOTE-PH,sremote-phSREMOTE-WR,sremote-wrSSL_WR,ssl_wrSTANLEY,stanleySTANWIX-FIRST,stanwix-firstSTANWIX-LIBERTY,stanwix-libertySTARS,starsSTDMANUAL,stdmanualSTEPHEN-EA1EA79,stephen-ea1ea79STORMTRACKER-V,stormtracker-vSTRAWBERRY-BELL,strawberry-bellSTRAWBERRY-SMITHFIELD,strawberry-smithfieldSTRM,strmSUNSTAR,sunstarSUPERPAGESPATT,superpagespattSUPPLIER-DEV,supplier-devSUPPLIER-STG,supplier-stgSUPPLIER-TST,supplier-tstSURVEY1-D,survey1-dSWERPEXA2M,swerpexa2mSWRC-VIP,swrc-vipSWRC1M,swrc1mSWRC2M,swrc2mSWRP-SCAN,swrp-scanSWRP-SCAN-V,swrp-scan-vSWRP-SCAN-VLAN,swrp-scan-vlanSWRP-VIP,swrp-vipSWRPEX1ILM,swrpex1ilmSWRPEX2ILM,swrpex2ilmSWRPEXA1,swrpexa1SWRPEXA1-VIP,swrpexa1-vipSWRPEXA1-VLAN,swrpexa1-vlanSWRPEXA1-VLAN-VIP,swrpexa1-vlan-vipSWRPEXA1B,swrpexa1bSWRPEXA1M,swrpexa1mSWRPEXA1S,swrpexa1sSWRPEXA1V,swrpexa1vSWRPEXA1V-VIP,swrpexa1v-vipSWRPEXA2,swrpexa2SWRPEXA2-VIP,swrpexa2-vipSWRPEXA2-VLAN,swrpexa2-vlanSWRPEXA2-VLAN-VIP,swrpexa2-vlan-vipSWRPEXA2B,swrpexa2bSWRPEXA2M,swrpexa2mSWRPEXA2S,swrpexa2sSWRPEXA2V,swrpexa2vSWRPEXA2V-VIP,swrpexa2v-vipSWRPOGS1ILM,swrpogs1ilmSWRPOGS1M,swrpogs1mSWRPSS1ILM,swrpss1ilmSWRPSS1M,swrpss1mSWRPSS2ILM,swrpss2ilmSWRPSS2M,swrpss2mSWRPSS3ILM,swrpss3ilmSWRPSS3M,swrpss3mSWRPSS4ILM,swrpss4ilmSWRPSS4M,swrpss4mSWRZFS-10G-CLI,swrzfs-10g-cliSWRZFS-10G-CLI-V,swrzfs-10g-cli-vSWRZFS1ILM,swrzfs1ilmSWRZFS1M,swrzfs1mSWRZFS2ILM,swrzfs2ilmSWRZFS2M,swrzfs2mSeymour APC UPS,seymour apc upsTASPOLL1,taspoll1TASPOLL1D,taspoll1dTASPOLL2,taspoll2TASPOLL2D,taspoll2dTASPOLL3,taspoll3TB0001,tb0001TELECOMM-0,telecomm-0TELECOMM-D,telecomm-dTEMPLATE-D,template-dTEMPLATE_D,template_dTENTH-200,tenth-200TENTH-220,tenth-220TEST-LOOPT-MASTER,test-loopt-masterTEST-VAULT1,test-vault1TEST-VAULT2,test-vault2TESTLIBRARY-D,testlibrary-dTESTLIBRARY_D,testlibrary_dTHINAPPBUILDER,thinappbuilderTHINAPPTEST01,thinapptest01THINAPPTEST02,thinapptest02THIRD-220,third-220THIRD-240,third-240THIRD-241,third-241THIRD-309,third-309THIRD-323,third-323THIRD-338,third-338THIRD-GRANT,third-grantTHIRD-WOOD,third-woodTICKDB,tickdbTIMECHECK,timecheckTRANS-QAS-AUTH,trans-qas-authTRANSMISSION,transmissionTRANSMISSION-DR,transmission-drTRANSMISSIONINFO,transmissioninfoTRANSMISSIONINFO-2FA,transmissioninfo-2faTRANSMISSIONINFO-TEST,transmissioninfo-testTRANSMISSIONINFOARCH,transmissioninfoarchTRANSMISSIONQAS,transmissionqasTSMPH,tsmphTSMPH2,tsmph2TSMWR,tsmwrTSMWR2,tsmwr2UC,ucUCCER01,uccer01UCCER02,uccer02UCCMS01,uccms01UCCUC01,uccuc01UCCUC02,uccuc02UCCUCM01,uccucm01UCCUCM02,uccucm02UCCUCM03,uccucm03UCCUCM04,uccucm04UCESXI0CH1,ucesxi0ch1UCESXI0CH2,ucesxi0ch2UCESXIPH1,ucesxiph1UCESXIPH2,ucesxiph2UCESXIPH5,ucesxiph5UCESXIWR1,ucesxiwr1UCESXIWR2,ucesxiwr2UCESXIWR3,ucesxiwr3UCESXIWR4,ucesxiwr4UCEXPC01,ucexpc01UCPLM01,ucplm01UCTPO01,uctpo01UCTPO02,uctpo02UCTPO03,uctpo03UCTPO04,uctpo04UCTSS01,uctss01UCTSS02,uctss02UCUCCX01,ucuccx01UCUCCX02,ucuccx02UCUCSPH1,ucucsph1UCUCSPH2,ucucsph2UCUCSPH5,ucucsph5UCUCSWR1,ucucswr1UCUCSWR2,ucucswr2UCUCSWR3,ucucswr3UCUCSWR4,ucucswr4UCUSPH1,ucusph1UCUSPH2,ucusph2UNKNOWN_DEV_34,unknown_dev_34UNKNOWN_DEV_45,unknown_dev_45UNKNOWN_DEV_48,unknown_dev_48UNKNOWN_DEV_49,unknown_dev_49UNKNOWN_DEV_50,unknown_dev_50UNKNOWN_DEV_51,unknown_dev_51UNKNOWN_DEV_52,unknown_dev_52UNKNOWN_DEV_94,unknown_dev_94US5M0DMC,us5m0dmcUS5M0DNC,us5m0dncUS5M0DUC,us5m0ducUS5M0HEC,us5m0hecUS5M0ZEC,us5m0zecUS5M10UC,us5m10ucUS5M1V5C,us5m1v5cUS5M1WVC,us5m1wvcUS5M4YMC,us5m4ymcUS5M6SWC,us5m6swcUS5M6YTC,us5m6ytcUSA-E-JBUTCHKO,usa-e-jbutchkoUSER,userUSS-MELLON-32,uss-mellon-32USS-MELLON-LIGHTING,uss-mellon-lightingUSS-MELLON-POWER,uss-mellon-powerVASH5PH01,vash5ph01VASH5WR01,vash5wr01VASIRONKEYP1,vasironkeyp1VASPCWR01,vaspcwr01VASPSCPH01,vaspscph01VASPSCWR01,vaspscwr01VASTIE01,vastie01VASVCPH01,vasvcph01VASVCWR01,vasvcwr01VASVINWR01,vasvinwr01VASVLOGPH01,vasvlogph01VASVLOGWR01,vasvlogwr01VASVROPSWR01,vasvropswr01VASZENOSS1,vaszenoss1VCCORPSECURE,vccorpsecureVCCorpSecure,vccorpsecureVD-IT01,vd-it01VD0001,vd0001VD0002,vd0002VD1001,vd1001VD1002,vd1002VDCCT001,vdcct001VDCCT002,vdcct002VDCCT003,vdcct003VDCCT004,vdcct004VDCCT005,vdcct005VDCCT006,vdcct006VDCCT007,vdcct007VDCCT008,vdcct008VDCCT009,vdcct009VDCCT010,vdcct010VDCCT011,vdcct011VDCCT012,vdcct012VDCCT013,vdcct013VDCCT014,vdcct014VDCCT015,vdcct015VDCCT016,vdcct016VDCCT017,vdcct017VDCCT018,vdcct018VDCCT019,vdcct019VDCCT020,vdcct020VDCCT021,vdcct021VDCCT022,vdcct022VDCCT023,vdcct023VDCCT024,vdcct024VDCCT025,vdcct025VDCCT026,vdcct026VDCCT027,vdcct027VDCCT028,vdcct028VDCCT029,vdcct029VDCCT030,vdcct030VDCCT031,vdcct031VDCCT032,vdcct032VDCCT033,vdcct033VDCCT034,vdcct034VDCCT035,vdcct035VDCCT036,vdcct036VDCCT101,vdcct101VDCCT102,vdcct102VDCCT103,vdcct103VDCCT104,vdcct104VDCCT105,vdcct105VDHR01,vdhr01VDHR02,vdhr02VDHR03,vdhr03VDHR04,vdhr04VDHR05,vdhr05VDHR06,vdhr06VDHR07,vdhr07VDHR08,vdhr08VDHR09,vdhr09VDHR10,vdhr10VDHR11,vdhr11VDHRT001,vdhrt001VDHRT002,vdhrt002VDHRT003,vdhrt003VDHRT004,vdhrt004VDHRT005,vdhrt005VDHRT006,vdhrt006VDHRT007,vdhrt007VDHRT008,vdhrt008VDHRT009,vdhrt009VDHRT010,vdhrt010VDHRT011,vdhrt011VDI,vdiVDI0001,vdi0001VDI0002,vdi0002VDI0003,vdi0003VDI0004,vdi0004VDI0005,vdi0005VDIHRMASTER,vdihrmasterVDIPH1,vdiph1VDIT1,vdit1VDIT2,vdit2VDIT3,vdit3VDITEST02,vditest02VDITEST04,vditest04VDITRAININGROOMMASTER,vditrainingroommasterVDIW10MASTERT,vdiw10mastertVDIWIN7MASTER,vdiwin7masterVDIWIN7PERSONA,vdiwin7personaVDIWR1,vdiwr1VDPH1001,vdph1001VDPH1002,vdph1002VDPT101,vdpt101VDPT102,vdpt102VDPT103,vdpt103VDPT104,vdpt104VDPT105,vdpt105VDWR001-CC,vdwr001-ccVDWR002-CC,vdwr002-ccVDWR003-CC,vdwr003-ccVDWR004-CC,vdwr004-ccVDWR005-CC,vdwr005-ccVDWR006-CC,vdwr006-ccVDWR007-CC,vdwr007-ccVDWR008-CC,vdwr008-ccVDWR009-CC,vdwr009-ccVDWR01,vdwr01VDWR010-CC,vdwr010-ccVDWR011-CC,vdwr011-ccVDWR012-CC,vdwr012-ccVDWR02,vdwr02VDWR03,vdwr03VDWR04,vdwr04VDWR05,vdwr05VDWR06,vdwr06VDWR07,vdwr07VDWR08,vdwr08VDWR09,vdwr09VDWR10,vdwr10VDWR11,vdwr11VDWR12,vdwr12VDWR13,vdwr13VDWR14,vdwr14VDWR15,vdwr15VDWR16,vdwr16VDWR17,vdwr17VDWR18,vdwr18VDWR19,vdwr19VDWR20,vdwr20VDWR21,vdwr21VDWR22,vdwr22VDWR23,vdwr23VDWR601,vdwr601VDWR602,vdwr602VDWR603,vdwr603VDWR604,vdwr604VDWR605,vdwr605VDWR606,vdwr606VDWR607,vdwr607VDWR608,vdwr608VDWR609,vdwr609VDWR610,vdwr610VDWR611,vdwr611VDWR612,vdwr612VDWR613,vdwr613VDWR614,vdwr614VDWR615,vdwr615VDWR616,vdwr616VDWRT01,vdwrt01VDWRT02,vdwrt02VDWRT05,vdwrt05VDWRT07,vdwrt07VDWRT09,vdwrt09VDWRT12,vdwrt12VDWRT13,vdwrt13VDWRT14,vdwrt14VDWRT16,vdwrt16VEOL-81XHB2S-D,veol-81xhb2s-dVHF-VALLEY,vhf-valleyVHF_SHIPPINGPORT,vhf_shippingportVIEW,viewVIPFOCBAMP1,vipfocbamp1VIPFOCBAMQ1,vipfocbamq1VIRTUALXP-74879,virtualxp-74879VIRTUALXP-92688,virtualxp-92688VISNET,visnetVM6492,vm6492VM6574,vm6574VM6575,vm6575VMPC5502,vmpc5502VOICEGW,voicegwVPNCLIENT,vpnclientVROPS,vropsVW3979,vw3979VWFOCUST1,vwfocust1VWFOCUST2,vwfocust2VWFOCUSTA2,vwfocusta2VWFOCUSTB1,vwfocustb1W2D00005,w2d00005W2DWEB1,w2dweb1W7P64LT-RHG,w7p64lt-rhgWACINET,wacinetWACINET1,wacinet1WACINET11,wacinet11WACINET12,wacinet12WACINET18,wacinet18WACINET19,wacinet19WACINET2,wacinet2WACINET3,wacinet3WACINET4,wacinet4WACINET6,wacinet6WACINET8,wacinet8WACINET9,wacinet9WACINETTEST,wacinettestWARRICK_VPN-221,warrick_vpn-221WAS2012MONT1,was2012mont1WAS4KTB,was4ktbWASADFSFED1,wasadfsfed1WASADFSFED2,wasadfsfed2WASADFSPRX1,wasadfsprx1WASADFSPRX2,wasadfsprx2WASAIB1,wasaib1WASAIB1D,wasaib1dWASAMIDEV1,wasamidev1WASAMIDEV2,wasamidev2WASAMIDEVQA1,wasamidevqa1WASAMIP3,wasamip3WASAMIP4,wasamip4WASAMIP5,wasamip5WASAMIP6,wasamip6WASAMIP7,wasamip7WASAMIPN1,wasamipn1WASAMIPRD1,wasamiprd1WASAMIQ3,wasamiq3WASAMIQ4,wasamiq4WASAMIQ5,wasamiq5WASAMIQ6,wasamiq6WASAMIT2,wasamit2WASAMIT3,wasamit3WASAMIUP,wasamiupWASAMRAV,wasamravWASANCHORPOINT,wasanchorpointWASAPP01P,wasapp01pWASAPP01T,wasapp01tWASAPP02P,wasapp02pWASAPP02T,wasapp02tWASAPP03P,wasapp03pWASAPPXWR01,wasappxwr01WASARCGIS01P,wasarcgis01pWASARCGIS01T,wasarcgis01tWASARCGIS02P,wasarcgis02pWASARCGIS02T,wasarcgis02tWASARCGIS03P,wasarcgis03pWASARCGIS03T,wasarcgis03tWASARCGIS04P,wasarcgis04pWASARCGIS04T,wasarcgis04tWASARCGIS05P,wasarcgis05pWASARCGIS06P,wasarcgis06pWASARCGIS07P,wasarcgis07pWASARCGIS08P,wasarcgis08pWASARCGISP,wasarcgispWASARCGIST,wasarcgistWASASIWR01,wasasiwr01WASASXPHD1,wasasxphd1WASASXPHD2,wasasxphd2WASASXPHT1,wasasxpht1WASASXWRP1,wasasxwrp1WASAUDIO,wasaudioWASAUDIODR,wasaudiodrWASAZSRMT01,wasazsrmt01WASBM,wasbmWASBOEP,wasboepWASBOET,wasboetWASBS1,wasbs1WASBS1D,wasbs1dWASCAPP01,wascapp01WASCAPP01TMP,wascapp01tmpWASCAPP02,wascapp02WASCDBRN,wascdbrnWASCERT01T,wascert01tWASCERT02T,wascert02tWASCM,wascmWASCORPCCTV1,wascorpcctv1WASCSLD,wascsldWASCTLMEM9P1,wasctlmem9p1WASCTLMEM9P2,wasctlmem9p2WASCTLMEM9T1,wasctlmem9t1WASCTLMEM9T2,wasctlmem9t2WASCTLMSV9P1,wasctlmsv9p1WASCTLMSV9P2,wasctlmsv9p2WASCTLMSV9T1,wasctlmsv9t1WASCTLMSV9T2,wasctlmsv9t2WASCTLMSVRP1,wasctlmsvrp1WASDLGL,wasdlglWASDLGLT,wasdlgltWASDMKR,wasdmkrWASDMKR2,wasdmkr2WASDOCUMKR,wasdocumkrWASDOCUMTEST,wasdocumtestWASDOCUWAREP,wasdocuwarepWASDOCUWARET,wasdocuwaretWASDQESP1,wasdqesp1WASDYNP,wasdynpWASDYNT,wasdyntWASEPA1,wasepa1WASEPOP01,wasepop01WASEXADATAP1,wasexadatap1WASEXCHD1,wasexchd1WASFALCON,wasfalconWASFALCONP1,wasfalconp1WASFALCONT1,wasfalcont1WASFASTERP,wasfasterpWASFASTERT,wasfastertWASFOCUSRPTTEST,wasfocusrpttestWASFRF01,wasfrf01WASFSFTP1,wasfsftp1WASFSLOG01,wasfslog01WASFTP,wasftpWASGASR1,wasgasr1WASGASR2,wasgasr2WASGCAP,wasgcapWASGDB2,wasgdb2WASGENEP1,wasgenep1WASGIM,wasgimWASGIMDR,wasgimdrWASGIR1,wasgir1WASGIS,wasgisWASGIST,wasgistWASGIVRREPORT,wasgivrreportWASGIW1,wasgiw1WASGMS1,wasgms1WASGMS3,wasgms3WASGOB1,wasgob1WASGPRO,wasgproWASGSIP1,wasgsip1WASGSIP2,wasgsip2WASGSIP3,wasgsip3WASGTS2,wasgts2WASGTS411BU,wasgts411buWASGTS411PRI,wasgts411priWASGTS5,wasgts5WASGTS8,wasgts8WASGTSPH,wasgtsphWASGURS,wasgursWASGVPDEV,wasgvpdevWASGVPMCP1,wasgvpmcp1WASGVPMCP2,wasgvpmcp2WASGVPMCP3,wasgvpmcp3WASGVPMCP4,wasgvpmcp4WASGVPRM1,wasgvprm1WASGVPRM2,wasgvprm2WASGVPT1,wasgvpt1WASGVPWAS1,wasgvpwas1WASGVPWAS2,wasgvpwas2WASINFOPRT,wasinfoprtWASINFORTELP1,wasinfortelp1WASINSCOPE,wasinscopeWASIOP1D,wasiop1dWASITMGMT,wasitmgmtWASITRA,wasitraWASITSMPHD1,wasitsmphd1WASITSMPHP1,wasitsmphp1WASITSMPHP2,wasitsmphp2WASITSMPHT1,wasitsmpht1WASITSMSAND1,wasitsmsand1WASITSMWRP1,wasitsmwrp1WASITSMWRP2,wasitsmwrp2WASJMUX,wasjmuxWASJMUXPH,wasjmuxphWASKAS,waskasWASKRON1,waskron1WASKRON2,waskron2WASKRONP1,waskronp1WASKRONT1,waskront1WASLBIP,waslbipWASLBIT,waslbitWASLBR,waslbrWASLDAPT,wasldaptWASLIC2,waslic2WASLICRISA,waslicrisaWASMAXQ01,wasmaxq01WASMAXT01,wasmaxt01WASMDM1,wasmdm1WASMDM1D,wasmdm1dWASMDM2,wasmdm2WASMDM3,wasmdm3WASMDS,wasmdsWASMDT,wasmdtWASMGATE,wasmgateWASMONITOR,wasmonitorWASMPDMZ,wasmpdmzWASMPPH1,wasmpph1WASMSDST,wasmsdstWASMSRCE,wasmsrceWASMTEST,wasmtestWASMUSER,wasmuserWASMV9001,wasmv9001WASMV9001D,wasmv9001dWASMV9002,wasmv9002WASMV9002D,wasmv9002dWASMV9003,wasmv9003WASMV9003D,wasmv9003dWASMV9004,wasmv9004WASMV9004D,wasmv9004dWASMV9005,wasmv9005WASMV9005D,wasmv9005dWASMV9006,wasmv9006WASMV9006D,wasmv9006dWASMV9007,wasmv9007WASMV9007D,wasmv9007dWASMV9008,wasmv9008WASMV9008D,wasmv9008dWASMV9009,wasmv9009WASMV9009D,wasmv9009dWASMV9010,wasmv9010WASMV9010D,wasmv9010dWASMV9011,wasmv9011WASMV9011D,wasmv9011dWASMV9012,wasmv9012WASMV9012D,wasmv9012dWASMV9013,wasmv9013WASMV9013D,wasmv9013dWASMV9014,wasmv9014WASMV9014D,wasmv9014dWASMV9041,wasmv9041WASMV9041D,wasmv9041dWASMV9042,wasmv9042WASMV9042D,wasmv9042dWASMV9043,wasmv9043WASMV9043D,wasmv9043dWASMV9044,wasmv9044WASMV9044D,wasmv9044dWASMV9045,wasmv9045WASMV9045D,wasmv9045dWASMV9046,wasmv9046WASMV9046D,wasmv9046dWASMV9047,wasmv9047WASMV9047D,wasmv9047dWASMV9048,wasmv9048WASMV9048D,wasmv9048dWASMV9049,wasmv9049WASMV9049D,wasmv9049dWASMV9050,wasmv9050WASMV9050D,wasmv9050dWASMV9051,wasmv9051WASMV9051D,wasmv9051dWASMV9052,wasmv9052WASMV9052D,wasmv9052dWASMV90V501D,wasmv90v501dWASMV90V501P,wasmv90v501pWASMV90V501T,wasmv90v501tWASMV90V502D,wasmv90v502dWASMV90V502P,wasmv90v502pWASMV90V502T,wasmv90v502tWASMV90V503D,wasmv90v503dWASMV90V503P,wasmv90v503pWASMV90V504D,wasmv90v504dWASMV90V504P,wasmv90v504pWASMV90V505D,wasmv90v505dWASMV90V505P,wasmv90v505pWASMV90V506D,wasmv90v506dWASMV90V506P,wasmv90v506pWASMV90V507D,wasmv90v507dWASMV90V507P,wasmv90v507pWASMV90V508D,wasmv90v508dWASMV90V508P,wasmv90v508pWASMV90V509D,wasmv90v509dWASMV90V509P,wasmv90v509pWASMV90V510D,wasmv90v510dWASMV90V510P,wasmv90v510pWASMV90V511D,wasmv90v511dWASMV90V511P,wasmv90v511pWASMV90V512D,wasmv90v512dWASMV90V512P,wasmv90v512pWASMV90V541D,wasmv90v541dWASMV90V541P,wasmv90v541pWASMV90V542D,wasmv90v542dWASMV90V542P,wasmv90v542pWASMV90V543D,wasmv90v543dWASMV90V543P,wasmv90v543pWASMV90V544D,wasmv90v544dWASMV90V544P,wasmv90v544pWASMV90V545D,wasmv90v545dWASMV90V545P,wasmv90v545pWASMV90V546D,wasmv90v546dWASMV90V546P,wasmv90v546pWASMV90V547D,wasmv90v547dWASMV90V547P,wasmv90v547pWASMV90V548D,wasmv90v548dWASMV90V548P,wasmv90v548pWASMV90V549D,wasmv90v549dWASMV90V549P,wasmv90v549pWASMV90V550D,wasmv90v550dWASMV90V550P,wasmv90v550pWASMVMEPO1,wasmvmepo1WASMVRS03,wasmvrs03WASNVR01,wasnvr01WASNVR02,wasnvr02WASNVR03,wasnvr03WASNVR04,wasnvr04WASNVR05,wasnvr05WASNVR06,wasnvr06WASNVR07,wasnvr07WASOPNET,wasopnetWASPAAMD01,waspaamd01WASPAAMP01,waspaamp01WASPAAMT01,waspaamt01WASPATCHMGR,waspatchmgrWASPHONE,wasphoneWASPIGEN01,waspigen01WASPROJT,wasprojtWASPROPXAPP1P,waspropxapp1pWASPROPXAPPT,waspropxapptWASRADIUS1,wasradius1WASRBC1,wasrbc1WASRBC2,wasrbc2WASREDW,wasredwWASRFAX,wasrfaxWASRMS,wasrmsWASROSS1D,wasross1dWASRTS1,wasrts1WASSCCMDP10P,wassccmdp10pWASSCCMDP20P,wassccmdp20pWASSCCMDP30P,wassccmdp30pWASSCCMTEST,wassccmtestWASSCCMTEST2,wassccmtest2WASSCCMTEST3,wassccmtest3WASSPPHD1,wasspphd1WASSPPHD2,wasspphd2WASSPPHD3,wasspphd3WASSPPHD4,wasspphd4WASSPPHDR1,wasspphdr1WASSPPHDR2,wasspphdr2WASSPPHP1,wasspphp1WASSPPHT1,wassppht1WASSPPHT2,wassppht2WASSPPHT3,wassppht3WASSPPHT4,wassppht4WASSPSRV2007,wasspsrv2007WASSPWRP1,wasspwrp1WASSPWRP2,wasspwrp2WASSWSP1,wasswsp1WASTIMED,wastimedWASTIV1,wastiv1WASTMMP01,wastmmp01WASTMMT01,wastmmt01WASTRAK1,wastrak1WASTRAK1D,wastrak1dWASTTS,wasttsWASTWS,wastwsWASVARASSETP,wasvarassetpWASVARASSETT,wasvarassettWASVC,wasvcWASVCS,wasvcsWASVDIPHP01,wasvdiphp01WASVDIPHP02,wasvdiphp02WASVDIPHP03,wasvdiphp03WASVDIWRP01,wasvdiwrp01WASVDIWRP02,wasvdiwrp02WASVDIWRP03,wasvdiwrp03WASVERINT1,wasverint1WASVERINT11,wasverint11WASVH1,wasvh1WASVH2,wasvh2WASWAMP64,waswamp64WASWAMPRD,waswamprdWASWAMU,waswamuWASWAP0,waswap0WASWAP1,waswap1WASWAP1T,waswap1tWASWAP2,waswap2WASWAP3,waswap3WASWAUSAUP,waswausaupWASWAUSAUT,waswausautWASWEBRPT,waswebrptWASWEBRPT2,waswebrpt2WASWFMPHP01,waswfmphp01WASWFMWRP01,waswfmwrp01WASWFMWRP02,waswfmwrp02WASWMGT,waswmgtWASWRWSUS,waswrwsusWASWSUS1,waswsus1WASWSUS1A,waswsus1aWASWSUS2A-NEW,waswsus2a-newWASXPRESAT,wasxpresatWASXPRESS,wasxpressWCSQL2016T,wcsql2016tWCSQLNERCPDB,wcsqlnercpdbWCSQLNERCQDB,wcsqlnercqdbWCSQLSHPP,wcsqlshppWCSQLSHPT,wcsqlshptWCWDSSQLCTMP,wcwdssqlctmpWCWDSSQLCTMT,wcwdssqlctmtWDAAPP1,wdaapp1WDBATEST,wdbatestWDBS,wdbsWDCCORP,wdccorpWDCCORPNEW,wdccorpnewWDCPH1,wdcph1WDCPH1NEW,wdcph1newWDCPH2,wdcph2WDCPHDEV1,wdcphdev1WDCWR2,wdcwr2WDCWR2NEW,wdcwr2newWDCWR4,wdcwr4WDPFWAVE,wdpfwaveWDQEDC3,wdqedc3WDQEDC5,wdqedc5WDQENV2,wdqenv2WDSAMIP3,wdsamip3WDSAMIP4,wdsamip4WDSAMIQ3,wdsamiq3WDSAMIQ4,wdsamiq4WDSAMIQ5,wdsamiq5WDSAMIQ6,wdsamiq6WDSAMRTIVD,wdsamrtivdWDSAMS,wdsamsWDSARCGIS01P,wdsarcgis01pWDSARCGIS01T,wdsarcgis01tWDSBM,wdsbmWDSBM-NEW,wdsbm-newWDSBM2,wdsbm2WDSCERT01P,wdscert01pWDSCERT02P,wdscert02pWDSCFTP1,wdscftp1WDSCM1,wdscm1WDSCM2,wdscm2WDSCOND,wdscondWDSCWEB1,wdscweb1WDSCWEB2,wdscweb2WDSCWEBT1,wdscwebt1WDSCWEBW,wdscwebwWDSDB2,wdsdb2WDSDB2N,wdsdb2nWDSDB2T,wdsdb2tWDSDB2TN,wdsdb2tnWDSGDB3,wdsgdb3WDSGFMKDB1,wdsgfmkdb1WDSGHASPH,wdsghasphWDSGIMDR,wdsgimdrWDSGISB,wdsgisbWDSICALL,wdsicallWDSMV90,wdsmv90WDSMV90D,wdsmv90dWDSMV90V5D,wdsmv90v5dWDSMV90V5P,wdsmv90v5pWDSMV90V5T,wdsmv90v5tWDSMVRS01,wdsmvrs01WDSMVRS02,wdsmvrs02WDSNAESB,wdsnaesbWDSNAESBDR,wdsnaesbdrWDSNETWORK,wdsnetworkWDSNSB,wdsnsbWDSNSBDR,wdsnsbdrWDSOV2,wdsov2WDSPROPX1P,wdspropx1pWDSPROPXOLAP1P,wdspropxolap1pWDSPROPXOLAPT,wdspropxolaptWDSPROPXT,wdspropxtWDSSCCMPS10P,wdssccmps10pWDSSCCMSS20P,wdssccmss20pWDSSOLPORTAL,wdssolportalWDSSQL11,wdssql11WDSSQL2012P3,wdssql2012p3WDSSQL2012P4,wdssql2012p4WDSSQL2012T3,wdssql2012t3WDSSQL2012T4,wdssql2012t4WDSSQL2016P1,wdssql2016p1WDSSQL2016PHT01,wdssql2016pht01WDSSQL2016T1,wdssql2016t1WDSSQL2016T2,wdssql2016t2WDSSQL31,wdssql31WDSSQL32,wdssql32WDSSQL33,wdssql33WDSSQL42,wdssql42WDSSQL43,wdssql43WDSSQL51,wdssql51WDSSQL52,wdssql52WDSSQLBIP1,wdssqlbip1WDSSQLBIT1,wdssqlbit1WDSSQLBIT2,wdssqlbit2WDSSQLBIT3,wdssqlbit3WDSSQLCTMP1,wdssqlctmp1WDSSQLCTMP2,wdssqlctmp2WDSSQLCTMT1,wdssqlctmt1WDSSQLCTMT2,wdssqlctmt2WDSSQLITT,wdssqlittWDSSQLMVM1,wdssqlmvm1WDSSQLNERC01P,wdssqlnerc01pWDSSQLNERC01T,wdssqlnerc01tWDSSQLNERC02P,wdssqlnerc02pWDSSQLNERC02T,wdssqlnerc02tWDSSQLPHDR1,wdssqlphdr1WDSSQLSHPP1,wdssqlshpp1WDSSQLSHPP2,wdssqlshpp2WDSSQLSHPT1,wdssqlshpt1WDSSQLSHPT2,wdssqlshpt2WDSSQLTELP1,wdssqltelp1WDSSQLWRP1,wdssqlwrp1WDSSQLWRP2,wdssqlwrp2WDSSS,wdsssWDSTEC,wdstecWDSTEST,wdstestWDSTIMED,wdstimedWDSTRES,wdstresWDSTRSV,wdstrsvWDSWEB,wdswebWDSWEB1,wdsweb1WDSWEB2,wdsweb2WDSWEBSQLP,wdswebsqlpWDSWEBSQLP1,wdswebsqlp1WDSWEBSQLP2,wdswebsqlp2WDSWEBSQLPDB,wdswebsqlpdbWDSWEBSQLQ,wdswebsqlqWDSWEBSQLQ1,wdswebsqlq1WDSWEBSQLQ2,wdswebsqlq2WDSWEBSQLQDB,wdswebsqlqdbWDSWEBSQLT1,wdswebsqlt1WDSWEBT,wdswebtWDSWRPCLS,wdswrpclsWDSWRPCLSDTC,wdswrpclsdtcWDSWRPDB,wdswrpdbWEB1,web1WEBDEV-0,webdev-0WEBDEV-D1,webdev-d1WEBDEV-D2,webdev-d2WEBDEV-D3,webdev-d3WEBDEV-D4,webdev-d4WEBDEV-D5,webdev-d5WEBDEV-D6,webdev-d6WEBDEV-D7,webdev-d7WEBDEV-D8,webdev-d8WEBDEV-D9,webdev-d9WEBDEV-T1,webdev-t1WEBDEV_D1,webdev_d1WEBDEV_D2,webdev_d2WEBDEV_D3,webdev_d3WEBDEV_D4,webdev_d4WEBDEV_D5,webdev_d5WEBDEV_D6,webdev_d6WEBDEV_D7,webdev_d7WEBDEV_D8,webdev_d8WEBDEV_D9,webdev_d9WEBDEV_T1,webdev_t1WEBFAX,webfaxWEBPROJECTS,webprojectsWEBPROJECTS-D,webprojects-dWEBPROJECTS_D,webprojects_dWEBSITE-D,website-dWEBSITE_D,website_dWEBTRENDS,webtrendsWFPDR,wfpdrWFSAMI,wfsamiWFSAMI1,wfsami1WFSCHER-OLD,wfscher-oldWFSCORP01,wfscorp01WFSDFS2,wfsdfs2WFSDQECOMM,wfsdqecommWFSESUBS,wfsesubsWFSFILE01,wfsfile01WFSFILE02,wfsfile02WFSFILE03,wfsfile03WFSFILE04,wfsfile04WFSFILE201656,wfsfile201656WFSVDIPHP01,wfsvdiphp01WFSVDIWRP01,wfsvdiwrp01WFSWEB1,wfsweb1WFSWEB2,wfsweb2WFSWR1,wfswr1WHVPH01,whvph01WHVPH02,whvph02WHVWR01,whvwr01WHVWR02,whvwr02WHVWR03,whvwr03WHVWR04,whvwr04WHVWR1CLS,whvwr1clsWHVWR3CLS,whvwr3clsWIN-GELMILEFCUF,win-gelmilefcufWIN-N22N8UA6VCE,win-n22n8ua6vceWIN7POC,win7pocWM-PENN-750,wm-penn-750WM-PENN-7TH,wm-penn-7thWM-PENN-BELL,wm-penn-bellWM-PENN-HOTEL,wm-penn-hotelWMCEXCH1,wmcexch1WMCEXCH2,wmcexch2WMCNOTES1,wmcnotes1WMSEXCH1,wmsexch1WMSEXCH2,wmsexch2WMSEXCH3,wmsexch3WMSEXCH4,wmsexch4WMSEXCHMIG,wmsexchmigWMSEXCHMIG2,wmsexchmig2WMSFAX,wmsfaxWMSFAXCOM,wmsfaxcomWMSNTEST,wmsntestWMSSPS1,wmssps1WOOD-111,wood-111WOOD-20,wood-20WOOD-209,wood-209WOOD-430,wood-430WOOD-440,wood-440WOOD-540,wood-540WOOD-FIFTH,wood-fifthWOOD-FIRST,wood-firstWOOD-FORBES,wood-forbesWOOD-OLIVER,wood-oliverWOOD-SIXTH,wood-sixthWOODS-RUN-SWITCH1,woods-run-switch1WOODS-RUN-SWITCH2,woods-run-switch2WOODSRUN-2NDFLOOR-EXTSW,woodsrun-2ndfloor-extswWOODSRUN3-2NDFLOOR-EXTSW,woodsrun3-2ndfloor-extswWOODSRUN7120,woodsrun7120WORKMANAGEMENT,workmanagementWORKMGMT-0,workmgmt-0WORKMGMT_D,workmgmt_dWORKUPADMIN,workupadminWORKUPSRCE,workupsrceWORKUPTEST,workuptestWORKUPUSER,workupuserWPSCHER,wpscherWPSCORP,wpscorpWPSPH,wpsphWPSWR2,wpswr2WR-1-COMM-N91-44-2,wr-1-comm-n91-44-2WR-2-C91-32-4,wr-2-c91-32-4WR-2-D004-TELECOM,wr-2-d004-telecomWR-3-F012-ASA-EDGE,wr-3-f012-asa-edgeWR-3-F012-ASA-EDGE\/admin\/pri\/stby,wr-3-f012-asa-edge\/admin\/pri\/stbyWR-3-F017-ASA-INT,wr-3-f017-asa-intWR-ACCESS-RTR,wr-access-rtrWR-ALTEON,wr-alteonWR-AMR,wr-amrWR-AMR-3640,wr-amr-3640WR-AMR-NCN,wr-amr-ncnWR-F5-1,wr-f5-1WR-F5-2,wr-f5-2WR-MD3260,wr-md3260WR-UPS-N91-81-2,wr-ups-n91-81-2WR1-C1-120-121,wr1-c1-120-121WR1-N92-5-5,wr1-n92-5-5WR2-1-COMM-C91-64-5,wr2-1-comm-c91-64-5WR2-1-WIRELESS-N91-160-2,wr2-1-wireless-n91-160-2WR2-N91-32-12,wr2-n91-32-12WR2-SOC-N91-56-2,wr2-soc-n91-56-2WR3-2-AMR-N172-16-2-173,wr3-2-amr-n172-16-2-173WR3-2-ESC-N91-30-8,wr3-2-esc-n91-30-8WR3-2-FRONT-C91-60-4,wr3-2-front-c91-60-4WR3-2-N91-36-221,wr3-2-n91-36-221WR3-2-PC-N91-66-2,wr3-2-pc-n91-66-2WR3-2-SERVER-N10-91-0-15,wr3-2-server-n10-91-0-15WR3-C91-202-4,wr3-c91-202-4WR3-C91-202-5,wr3-c91-202-5WR3-C91-76-2,wr3-c91-76-2WR3-F5-91-78-7,wr3-f5-91-78-7WR3-N91-36-32,wr3-n91-36-32WR3-N91-37-119,wr3-n91-37-119WR3-SMA-1,wr3-sma-1WR3-SMA-MGMT-1,wr3-sma-mgmt-1WR3-WSA-1,wr3-wsa-1WR3-WSA-MGMT-1,wr3-wsa-mgmt-1WR3494,wr3494WR3_ATS,wr3_atsWR3_BRANCH_VPN,wr3_branch_vpnWR3_COMPUTERRM_PDU1,wr3_computerrm_pdu1WR3_EMERGGEN,wr3_emerggenWR3_UPS,wr3_upsWR3_UPS_SWITCHGEAR_METERING,wr3_ups_switchgear_meteringWR3_VEEDERROOT,wr3_veederrootWR5-J91_100_5,wr5-j91_100_5WR6-136A-N91-100-1,wr6-136a-n91-100-1WR6-C1-120-126,wr6-c1-120-126WRACCESSRTR,wraccessrtrWRBLDG3UPS,wrbldg3upsWRDAPP1,wrdapp1WRDAPP2,wrdapp2WRDAPP3,wrdapp3WRDAPP4,wrdapp4WRDAPT1,wrdapt1WRDAPT2,wrdapt2WRDAPT4,wrdapt4WRDCBP1,wrdcbp1WRDCBP2,wrdcbp2WRDCBT1,wrdcbt1WRDCBT2,wrdcbt2WRDCPDU1,wrdcpdu1WRDCPDU2,wrdcpdu2WRDLTIIP1,wrdltiip1WRDWAP1,wrdwap1WRDWAP2,wrdwap2WRDWAT1,wrdwat1WRDWAT2,wrdwat2WRFINDLAYRTR,wrfindlayrtrWRJUNM5,wrjunm5WRPSA01,wrpsa01WRVPNSRV2,wrvpnsrv2WR_COMPUTERRM_PDU2,wr_computerrm_pdu2WR_J91-37-119,wr_j91-37-119WR_NETGUARDIAN,wr_netguardianWSAMMI01,wsammi01WSPNERC01P,wspnerc01pWSPNERC01T,wspnerc01tWSPNERC02P,wspnerc02pWSPNERC03P,wspnerc03pWSPNERC04P,wspnerc04pWSUSAMIP1,wsusamip1WSUSSRV1,wsussrv1WSUSSRV2,wsussrv2WTSAMIP1,wtsamip1WTSAMIP2,wtsamip2WTSAMIQ1,wtsamiq1WTSAMIQ2,wtsamiq2WTSAPP2,wtsapp2WTSCITRIXP1,wtscitrixp1WTSCITRIXP4,wtscitrixp4WTSCITRIXP6,wtscitrixp6WTSCITRIXP7,wtscitrixp7WTSCITRIXT1,wtscitrixt1WTSCITRIXT2,wtscitrixt2WTSMAXIMOPH1,wtsmaximoph1WTSMAXIMOWR1,wtsmaximowr1WTSRDSGATET1,wtsrdsgatet1WTSRDSPH2,wtsrdsph2WTSVERAPSP1,wtsverapsp1WTSVERAPST1,wtsverapst1WTS_D,wts_dWTS_WEB_D,wts_web_dWWCINET,wwcinetWWCINET1,wwcinet1WWCINET12,wwcinet12WWCINET2,wwcinet2WWCINET3,wwcinet3WWCINET4,wwcinet4WWCINET5,wwcinet5WWCINET8,wwcinet8WWCTRANSP01,wwctransp01WWCTRANSP02,wwctransp02WWSAPP01P,wwsapp01pWWSAPP01T,wwsapp01tWWSARR,wwsarrWWSARRTESTSITE,wwsarrtestsiteWWSCORP01,wwscorp01WWSDEV01,wwsdev01WWSPROD01,wwsprod01WWSPROD02,wwsprod02WWSPROD03,wwsprod03WWSPROD04,wwsprod04WWSPROD05,wwsprod05WWSPROD06,wwsprod06WWSQA01,wwsqa01WWSQA02,wwsqa02WWSQA03,wwsqa03WWSQA04,wwsqa04WWSSCR01,wwsscr01WWSSPPHP1,wwsspphp1WWSSPWRP1,wwsspwrp1WWSSPWRP2,wwsspwrp2WWSTEST01,wwstest01WWSTEST02,wwstest02WWSUCWEB1,wwsucweb1WWSWEBTIER1,wwswebtier1Wasmdm1d,wasmdm1dadsdev05,adsdev05adsdev09,adsdev09adsdev10,adsdev10adskront,adskrontadslawdev,adslawdevadsprd03,adsprd03adsprd06,adsprd06adsprd07,adsprd07adstrevprd,adstrevprdadswamdt,adswamdtadswampdr,adswampdraixhmc4,aixhmc4aixvio4,aixvio4ap1tmxsk1,ap1tmxsk1apc_wr6,apc_wr6citrixweb,citrixwebcorpstrm,corpstrmdqe3494,dqe3494dqeps001,dqeps001dqersa1,dqersa1dqersa2,dqersa2drac-2k8dc4,drac-2k8dc4drac-dclpgh02,drac-dclpgh02drac-esxph03,drac-esxph03drac-esxph04,drac-esxph04drac-esxph06,drac-esxph06drac-esxph07,drac-esxph07drac-esxph08,drac-esxph08drac-esxph09,drac-esxph09drac-esxph10,drac-esxph10drac-esxph11,drac-esxph11drac-esxph12,drac-esxph12drac-esxph13,drac-esxph13drac-esxph14,drac-esxph14drac-esxph15,drac-esxph15drac-esxph16,drac-esxph16drac-esxph17,drac-esxph17drac-esxph18,drac-esxph18drac-esxph19,drac-esxph19drac-esxph20,drac-esxph20drac-esxph21,drac-esxph21drac-esxph22,drac-esxph22drac-esxphami1,drac-esxphami1drac-esxphami2,drac-esxphami2drac-esxphami3,drac-esxphami3drac-esxphami4,drac-esxphami4drac-esxphami5,drac-esxphami5drac-esxphami6,drac-esxphami6drac-esxphfocqa1,drac-esxphfocqa1drac-esxphfocqa2,drac-esxphfocqa2drac-esxphmgmt01,drac-esxphmgmt01drac-esxphmgmt02,drac-esxphmgmt02drac-esxphmv90d01,drac-esxphmv90d01drac-esxphmv90d02,drac-esxphmv90d02drac-esxphtech1,drac-esxphtech1drac-esxphtech2,drac-esxphtech2drac-esxphtech3,drac-esxphtech3drac-esxqa1,drac-esxqa1drac-esxqa2,drac-esxqa2drac-esxwr03,drac-esxwr03drac-esxwr04,drac-esxwr04drac-esxwr08,drac-esxwr08drac-esxwr09,drac-esxwr09drac-esxwr10,drac-esxwr10drac-esxwr11,drac-esxwr11drac-esxwr12,drac-esxwr12drac-esxwr13,drac-esxwr13drac-esxwr14,drac-esxwr14drac-esxwr15,drac-esxwr15drac-esxwr16,drac-esxwr16drac-esxwr17,drac-esxwr17drac-esxwr18,drac-esxwr18drac-esxwr19,drac-esxwr19drac-esxwr20,drac-esxwr20drac-esxwr21,drac-esxwr21drac-esxwr22,drac-esxwr22drac-esxwrami1,drac-esxwrami1drac-esxwrami2,drac-esxwrami2drac-esxwrami3,drac-esxwrami3drac-esxwrami4,drac-esxwrami4drac-esxwrmgmt01,drac-esxwrmgmt01drac-esxwrmgmt02,drac-esxwrmgmt02drac-esxwrmv90p01,drac-esxwrmv90p01drac-esxwrmv90p02,drac-esxwrmv90p02drac-iccp4,drac-iccp4drac-lasamip1,drac-lasamip1drac-lasamip2,drac-lasamip2drac-lasamiq1,drac-lasamiq1drac-lasamiq2,drac-lasamiq2drac-lasamit1,drac-lasamit1drac-lasfoc9,drac-lasfoc9drac-lasfocmerp2,drac-lasfocmerp2drac-lasfocnq1,drac-lasfocnq1drac-lasfocp1,drac-lasfocp1drac-lasfocp1-old,drac-lasfocp1-olddrac-lasfocp10,drac-lasfocp10drac-lasfocp11,drac-lasfocp11drac-lasfocp12,drac-lasfocp12drac-lasfocp2,drac-lasfocp2drac-lasfocp2-old,drac-lasfocp2-olddrac-lasfocp3,drac-lasfocp3drac-lasfocp4,drac-lasfocp4drac-lasfocp5,drac-lasfocp5drac-lasfocp6,drac-lasfocp6drac-lasfocp6s,drac-lasfocp6sdrac-lasfocp7,drac-lasfocp7drac-lasfocp8,drac-lasfocp8drac-lasfocp9,drac-lasfocp9drac-lasfocq1,drac-lasfocq1drac-lasfocq10,drac-lasfocq10drac-lasfocq11,drac-lasfocq11drac-lasfocq12,drac-lasfocq12drac-lasfocq2,drac-lasfocq2drac-lasfocq3,drac-lasfocq3drac-lasfocq4,drac-lasfocq4drac-lasfocq5,drac-lasfocq5drac-lasfocq6,drac-lasfocq6drac-lasfocq7,drac-lasfocq7drac-lasfocq8,drac-lasfocq8drac-lasfocq9,drac-lasfocq9drac-lasfoct1,drac-lasfoct1drac-lasfoct10,drac-lasfoct10drac-lasfoct12,drac-lasfoct12drac-lasfoct2,drac-lasfoct2drac-lasfoct20,drac-lasfoct20drac-lasfoct21,drac-lasfoct21drac-lasfoct21-old,drac-lasfoct21-olddrac-lasfoct22,drac-lasfoct22drac-lasfoct3,drac-lasfoct3drac-lasfoct4,drac-lasfoct4drac-lasfoct6,drac-lasfoct6drac-lasfoct8,drac-lasfoct8drac-lasfoct9,drac-lasfoct9drac-ldsamip1,drac-ldsamip1drac-ldsamip2,drac-ldsamip2drac-ldsamip3,drac-ldsamip3drac-ldsamip4,drac-ldsamip4drac-ldsamiq1,drac-ldsamiq1drac-ldsamiq2,drac-ldsamiq2drac-ldsamiq3,drac-ldsamiq3drac-ldsamiq4,drac-ldsamiq4drac-ldsamit1,drac-ldsamit1drac-ldsamit2,drac-ldsamit2drac-ldsfocldgp1,drac-ldsfocldgp1drac-ldsfocldgp2,drac-ldsfocldgp2drac-ldsfocp1-old,drac-ldsfocp1-olddrac-ldsfocp2,drac-ldsfocp2drac-ldsfocp3,drac-ldsfocp3drac-ldsfocq2,drac-ldsfocq2drac-ldsfocq3,drac-ldsfocq3drac-ldsfoct1,drac-ldsfoct1drac-ldsfoct4,drac-ldsfoct4drac-ldsoemp,drac-ldsoempdrac-ldsoemprod,drac-ldsoemproddrac-ldsphorat1,drac-ldsphorat1drac-ldsphtsm,drac-ldsphtsmdrac-ldsphtsm2,drac-ldsphtsm2drac-ldswrorap1,drac-ldswrorap1drac-ldswrtsm,drac-ldswrtsmdrac-ldswrtsm2,drac-ldswrtsm2drac-oldwasgdb1,drac-oldwasgdb1drac-sccwaset1,drac-sccwaset1drac-was4ktb,drac-was4ktbdrac-wasamilab1,drac-wasamilab1drac-wasamilab2,drac-wasamilab2drac-wasanchorpoint,drac-wasanchorpointdrac-wasappx,drac-wasappxdrac-wasbm,drac-wasbmdrac-wascmip,drac-wascmipdrac-wasdmkr,drac-wasdmkrdrac-wasgasr1,drac-wasgasr1drac-wasgasr2,drac-wasgasr2drac-wasgdb2,drac-wasgdb2drac-wasgim,drac-wasgimdrac-wasgimdr,drac-wasgimdrdrac-wasgivrreport,drac-wasgivrreportdrac-wasgivrt2,drac-wasgivrt2drac-wasgiw1,drac-wasgiw1drac-wasgiw2,drac-wasgiw2drac-wasgms1,drac-wasgms1drac-wasgms2,drac-wasgms2drac-wasgms3,drac-wasgms3drac-wasgob2,drac-wasgob2drac-wasgpro,drac-wasgprodrac-wasgsip1,drac-wasgsip1drac-wasgsip2,drac-wasgsip2drac-wasgsip3,drac-wasgsip3drac-wasgtd,drac-wasgtddrac-wasgts10,drac-wasgts10drac-wasgts411bu,drac-wasgts411budrac-wasgts411pri,drac-wasgts411pridrac-wasgts6,drac-wasgts6drac-wasgts7,drac-wasgts7drac-wasgts8,drac-wasgts8drac-wasgtsph,drac-wasgtsphdrac-wasgvpdev,drac-wasgvpdevdrac-wasgvpmcp1,drac-wasgvpmcp1drac-wasgvpmcp2,drac-wasgvpmcp2drac-wasgvpmcp3,drac-wasgvpmcp3drac-wasgvpmcp4,drac-wasgvpmcp4drac-wasgvprm1,drac-wasgvprm1drac-wasgvprm2,drac-wasgvprm2drac-wasgvpwas1,drac-wasgvpwas1drac-wasgvpwas2,drac-wasgvpwas2drac-wasgvpweb2,drac-wasgvpweb2drac-wasjmuxph,drac-wasjmuxphdrac-waskron1,drac-waskron1drac-waskron2,drac-waskron2drac-waslawrpt,drac-waslawrptdrac-wasmv90test,drac-wasmv90testdrac-wasmv90test2,drac-wasmv90test2drac-waspropxapp1p,drac-waspropxapp1pdrac-waspropxappt,drac-waspropxapptdrac-wassccmdp30p,drac-wassccmdp30pdrac-wasverint1,drac-wasverint1drac-wasverint11,drac-wasverint11drac-wasvh2,drac-wasvh2drac-waswebrpt2,drac-waswebrpt2drac-waswfm,drac-waswfmdrac-wasxpresat411,drac-wasxpresat411drac-wasxpresatph,drac-wasxpresatphdrac-wasxpress411,drac-wasxpress411drac-wasxpressph,drac-wasxpressphdrac-wdccorp,drac-wdccorpdrac-wdccorpnew,drac-wdccorpnewdrac-wdcwr4,drac-wdcwr4drac-wdsamip5,drac-wdsamip5drac-wdsamip6,drac-wdsamip6drac-wdsamip7,drac-wdsamip7drac-wdsamip8,drac-wdsamip8drac-wdsamiq5,drac-wdsamiq5drac-wdsamiq6,drac-wdsamiq6drac-wdsamiq7,drac-wdsamiq7drac-wdsamiq8,drac-wdsamiq8drac-wdscm1,drac-wdscm1drac-wdscm2,drac-wdscm2drac-wdsgdb3,drac-wdsgdb3drac-wdsmv90,drac-wdsmv90drac-wdsmv90v5d,drac-wdsmv90v5ddrac-wdsmv90v5p,drac-wdsmv90v5pdrac-wdsov2,drac-wdsov2drac-wdspropx1p,drac-wdspropx1pdrac-wdspropxolap1p,drac-wdspropxolap1pdrac-wdspropxolapt,drac-wdspropxolaptdrac-wdspropxt,drac-wdspropxtdrac-wdssql11,drac-wdssql11drac-wdssql12,drac-wdssql12drac-wdssql21,drac-wdssql21drac-wdssql22,drac-wdssql22drac-wdssql31,drac-wdssql31drac-wdssql32,drac-wdssql32drac-wdssql41,drac-wdssql41drac-wdssqlbip1,drac-wdssqlbip1drac-wdswfm,drac-wdswfmdrac-wfsdqecomm,drac-wfsdqecommdrac-whvph01,drac-whvph01drac-whvph02,drac-whvph02drac-whvph03,drac-whvph03drac-whvph05,drac-whvph05drac-whvph06,drac-whvph06drac-whvwr01,drac-whvwr01drac-whvwr02,drac-whvwr02drac-whvwr03,drac-whvwr03drac-whvwr04,drac-whvwr04drac-whvwr06,drac-whvwr06drac-whvwr07,drac-whvwr07drac-whvwr08,drac-whvwr08drac-whvwr09,drac-whvwr09drac-whvwr10,drac-whvwr10drac-whvwr11,drac-whvwr11drac-whvwr12,drac-whvwr12drac-wmcexch1,drac-wmcexch1drac-wmcexch2,drac-wmcexch2drac-wmsexch1,drac-wmsexch1drac-wmsexch2,drac-wmsexch2drac-wmsexchmig,drac-wmsexchmigdrac-wwsfalcon,drac-wwsfalcondrav-wasgsip3,drav-wasgsip3duqdhcp2,duqdhcp2eq-ph-dqe,eq-ph-dqeeq-ph-dqe-01,eq-ph-dqe-01eq-ph-dqe-02,eq-ph-dqe-02eq-ph-dqe-03,eq-ph-dqe-03eq-ph-dqe-04,eq-ph-dqe-04eq-ph-dqe-05,eq-ph-dqe-05eq-ph-dqe-06,eq-ph-dqe-06eq-ph-dqe-07,eq-ph-dqe-07eq-ph-focus,eq-ph-focuseq-ph-focus-01,eq-ph-focus-01eq-ph-focus-02,eq-ph-focus-02eq-ph-focus-03,eq-ph-focus-03eq-ph-focus-04,eq-ph-focus-04eq-wr-dqe-04,eq-wr-dqe-04eq-wr-dqe-05,eq-wr-dqe-05eq-wr-dqe-06,eq-wr-dqe-06eq-wr-dqe-07,eq-wr-dqe-07eq-wr-dqe-08,eq-wr-dqe-08esx-testlab,esx-testlabesxph03,esxph03esxph04,esxph04esxph07,esxph07esxph07-drac,esxph07-dracesxph08,esxph08esxph08-drac,esxph08-dracesxph09,esxph09esxph09-drac,esxph09-dracesxph10,esxph10esxph10-drac,esxph10-dracesxph11,esxph11esxph12,esxph12esxph13,esxph13esxph14,esxph14esxph15,esxph15esxph16,esxph16esxph17,esxph17esxph18,esxph18esxph19,esxph19esxph20,esxph20esxph21,esxph21esxph22,esxph22esxphami1,esxphami1esxphami2,esxphami2esxphami3,esxphami3esxphami4,esxphami4esxphami5,esxphami5esxphami6,esxphami6esxphfocqa1,esxphfocqa1esxphfocqa2,esxphfocqa2esxphmgmt01,esxphmgmt01esxphmgmt02,esxphmgmt02esxphmv90d01,esxphmv90d01esxphmv90d02,esxphmv90d02esxphtech1,esxphtech1esxphtech2,esxphtech2esxphtech3,esxphtech3esxpocph23,esxpocph23esxpocph24,esxpocph24esxpocph25,esxpocph25esxpocph26,esxpocph26esxpocwr23,esxpocwr23esxpocwr24,esxpocwr24esxpocwr25,esxpocwr25esxpocwr26,esxpocwr26esxqa1,esxqa1esxqa2,esxqa2esxscd01,esxscd01esxscd02,esxscd02esxscd03,esxscd03esxscd04,esxscd04esxscdtest,esxscdtestesxtest,esxtestesxwr03,esxwr03esxwr04,esxwr04esxwr05,esxwr05esxwr06,esxwr06esxwr07,esxwr07esxwr08,esxwr08esxwr09,esxwr09esxwr10,esxwr10esxwr12,esxwr12esxwr13,esxwr13esxwr14,esxwr14esxwr15,esxwr15esxwr16,esxwr16esxwr17,esxwr17esxwr18,esxwr18esxwr19,esxwr19esxwr20,esxwr20esxwr21,esxwr21esxwr22,esxwr22esxwrami1,esxwrami1esxwrami2,esxwrami2esxwrami3,esxwrami3esxwrami4,esxwrami4esxwrmgmt01,esxwrmgmt01esxwrmgmt02,esxwrmgmt02esxwrmv90p01,esxwrmv90p01esxwrmv90p02,esxwrmv90p02hershey7120,hershey7120idrac-esxphmgmt01,idrac-esxphmgmt01idrac-esxphmgmt02,idrac-esxphmgmt02idrac-f95xbm2,idrac-f95xbm2idrac-wasgcap,idrac-wasgcapidrac-wasgir2,idrac-wasgir2idrac-wasgts9,idrac-wasgts9idrac-wasgvpwas1,idrac-wasgvpwas1idrac-waswamp,idrac-waswampidrac-wfsdqecomm,idrac-wfsdqecommlas411n1,las411n1lasamiftp,lasamiftplasamip1,lasamip1lasamip2,lasamip2lasamip4,lasamip4lasamiq1,lasamiq1lasamiq2,lasamiq2lasamiq3,lasamiq3lasamiq4,lasamiq4lasamit2,lasamit2lascasa01,lascasa01lascrew,lascrewlascrew2,lascrew2lascrew3,lascrew3lascrewt,lascrewtlasdpa1,lasdpa1lasfocbipub,lasfocbipublasfoccfg4,lasfoccfg4lasfoccfg6,lasfoccfg6lasfocdev1,lasfocdev1lasfocdev2,lasfocdev2lasfocdev3,lasfocdev3lasfocdev4,lasfocdev4lasfocdev6,lasfocdev6lasfochpqc,lasfochpqclasfoclog1,lasfoclog1lasfoclogp1,lasfoclogp1lasfoclogq1,lasfoclogq1lasfocmer1,lasfocmer1lasfocmerp1,lasfocmerp1lasfocmerp2,lasfocmerp2lasfocmon,lasfocmonlasfocnq1,lasfocnq1lasfocnq13,lasfocnq13lasfocnq14,lasfocnq14lasfocnq2,lasfocnq2lasfocp1,lasfocp1lasfocp10,lasfocp10lasfocp11,lasfocp11lasfocp12,lasfocp12lasfocp2,lasfocp2lasfocp3,lasfocp3lasfocp4,lasfocp4lasfocp5,lasfocp5lasfocp6,lasfocp6lasfocp6s,lasfocp6slasfocp7,lasfocp7lasfocp8,lasfocp8lasfocp9,lasfocp9lasfocq1,lasfocq1lasfocq10,lasfocq10lasfocq11,lasfocq11lasfocq12,lasfocq12lasfocq13,lasfocq13lasfocq14,lasfocq14lasfocq2,lasfocq2lasfocq3,lasfocq3lasfocq4,lasfocq4lasfocq5,lasfocq5lasfocq6,lasfocq6lasfocq7,lasfocq7lasfocq8,lasfocq8lasfocq9,lasfocq9lasfocsvn,lasfocsvnlasfoct1,lasfoct1lasfoct10,lasfoct10lasfoct12,lasfoct12lasfoct2,lasfoct2lasfoct20,lasfoct20lasfoct21,lasfoct21lasfoct22,lasfoct22lasfoct3,lasfoct3lasfoct4,lasfoct4lasfoct6,lasfoct6lasfoct8,lasfoct8lasfoct9,lasfoct9lasfoctrn1,lasfoctrn1lasfoctrn5,lasfoctrn5lasfoctrn6,lasfoctrn6lasfoctst1,lasfoctst1lasfoctst2,lasfoctst2lasfoctst4,lasfoctst4lasfoctst6,lasfoctst6lasforeman,lasforemanlasjenp1,lasjenp1lasldap1,lasldap1lasldap2,lasldap2lasnesq1,lasnesq1lasop5d01,lasop5d01lasop5graf01,lasop5graf01lasop5p01,lasop5p01lasop5pol01,lasop5pol01lasop5pol02,lasop5pol02lasop5t01,lasop5t01lasopnway,lasopnwaylasphidm1,lasphidm1lasphidm2,lasphidm2lasphn2,lasphn2lasprimad1,lasprimad1lasprimap1,lasprimap1lassecsccv1,lassecsccv1lassoacfg4,lassoacfg4lassoacfg6,lassoacfg6lassoadev1,lassoadev1lassoadev2,lassoadev2lassoadev3,lassoadev3lassoadev4,lassoadev4lassoadev6,lassoadev6lassoatria,lassoatrialassoatrn1,lassoatrn1lassoatrn5,lassoatrn5lassoatrn6,lassoatrn6lassoatst1,lassoatst1lassoatst2,lassoatst2lassoatst4,lassoatst4lassoatst6,lassoatst6lasspark,lassparklasucbes1,lasucbes1lasucbes2,lasucbes2lasucfac1,lasucfac1lasucfes1,lasucfes1lasucfes2,lasucfes2lasuclm1,lasuclm1lasuclm2,lasuclm2lasweb1,lasweb1laswridm1,laswridm1laswridm2,laswridm2ldsamip1,ldsamip1ldsamip2,ldsamip2ldsamip3,ldsamip3ldsamip4,ldsamip4ldsamiq1,ldsamiq1ldsamiq2,ldsamiq2ldsamiq3,ldsamiq3ldsamiq4,ldsamiq4ldsamit1,ldsamit1ldsamit2,ldsamit2ldsamit3,ldsamit3ldsfoccfg4,ldsfoccfg4ldsfoccfg6,ldsfoccfg6ldsfocdev4,ldsfocdev4ldsfocdev6,ldsfocdev6ldsfochpqc,ldsfochpqcldsfocldgp1,ldsfocldgp1ldsfocldgp2,ldsfocldgp2ldsfocmerp1,ldsfocmerp1ldsfocnq1,ldsfocnq1ldsfocnq2,ldsfocnq2ldsfocp1,ldsfocp1ldsfocp2,ldsfocp2ldsfocp3,ldsfocp3ldsfocp3-vlan,ldsfocp3-vlanldsfocq2,ldsfocq2ldsfocq3,ldsfocq3ldsfocq3-vlan,ldsfocq3-vlanldsfocsat,ldsfocsatldsfocsat2,ldsfocsat2ldsfoct1,ldsfoct1ldsfoct3,ldsfoct3ldsfoct4,ldsfoct4ldsfoctst4,ldsfoctst4ldsfoctst6,ldsfoctst6ldsoemp,ldsoempldsoemprod,ldsoemprodldsoemqa,ldsoemqaldsphorat1,ldsphorat1ldsphtsm,ldsphtsmldsphtsm2,ldsphtsm2ldssat6,ldssat6ldsseccsi1,ldsseccsi1ldsseccsi2,ldsseccsi2ldssecvim1,ldssecvim1ldssecvim2,ldssecvim2ldswrorap1,ldswrorap1ldswrtsm,ldswrtsmldswrtsm-alt,ldswrtsm-altldswrtsm2,ldswrtsm2ldsyumrepo,ldsyumrepoman-cafe-n91-8-15,man-cafe-n91-8-15monitor,monitormpextipvideo,mpextipvideonasfire15,nasfire15nasfire16,nasfire16nasfire17,nasfire17nasfire18,nasfire18nasfire19,nasfire19nasfire7,nasfire7nasfirem,nasfiremnasfirem2,nasfirem2pdu_411_fl6_n7,pdu_411_fl6_n7ph-dr-mgmt-n88-4-23,ph-dr-mgmt-n88-4-23ph-dr-n88-4-210,ph-dr-n88-4-210ph-dr-n88-4-9,ph-dr-n88-4-9ph-wsa-mgmt-2,ph-wsa-mgmt-2phac1,phac1phac2,phac2phdev3lasutlc1n1,phdev3lasutlc1n1phdev6lasfocc1n1,phdev6lasfocc1n1phdevlasmax01,phdevlasmax01phdevlasmax02,phdevlasmax02phdevlasmax03,phdevlasmax03phdevldswpi01,phdevldswpi01phdevtestmax,phdevtestmaxphqa1lasbtcc1n1,phqa1lasbtcc1n1phqa1lasbtcc1n2,phqa1lasbtcc1n2phqa1lasmwmc1n1,phqa1lasmwmc1n1phqa1lasmwmc1n2,phqa1lasmwmc1n2phqa1lasmwmc2n1,phqa1lasmwmc2n1phqa1lasmwmc2n2,phqa1lasmwmc2n2phqa1laswladm01,phqa1laswladm01phqa2lasbtcc1n1,phqa2lasbtcc1n1phqa2lasbtcc1n2,phqa2lasbtcc1n2phqa2lasmwmc1n1,phqa2lasmwmc1n1phqa2lasmwmc1n2,phqa2lasmwmc1n2phqa2lasmwmc2n1,phqa2lasmwmc2n1phqa2lasmwmc2n2,phqa2lasmwmc2n2phqa2laswladm01,phqa2laswladm01phqalasmax01,phqalasmax01phqalasmax02,phqalasmax02phsitlasmaxc1n1,phsitlasmaxc1n1phsitlasmaxc1n2,phsitlasmaxc1n2phsitlasmaxc2n1,phsitlasmaxc2n1phsitlasmaxc2n2,phsitlasmaxc2n2phsl500,phsl500phsndlasutlc1n1,phsndlasutlc1n1phsuplasjenx01,phsuplasjenx01phsuplaskibx01,phsuplaskibx01phsuplaslsc1n1,phsuplaslsc1n1phsuplaslsc1n2,phsuplaslsc1n2phsuplasmerx03,phsuplasmerx03phsuplasoemx01,phsuplasoemx01phsuplassoabldx01,phsuplassoabldx01phsuplassvnx01,phsuplassvnx01phsuplassvnx02,phsuplassvnx02phsupldsesc1n1,phsupldsesc1n1phsupldsesc1n2,phsupldsesc1n2phsupldsesc1n3,phsupldsesc1n3phsupldssatx02,phsupldssatx02phtrnlasmax01,phtrnlasmax01phtst3lasutlc1n1,phtst3lasutlc1n1phtst6lasfocc1n1,phtst6lasfocc1n1phtst6lassoac1n1,phtst6lassoac1n1reliant_bell-lines_to_bi,reliant_bell-lines_to_birsa-wasdynp,rsa-wasdynps0033,s0033s0052,s0052s0078,s0078s1-ads01,s1-ads01scc2k8test,scc2k8testsponsorportal,sponsorportalswrpexa1,swrpexa1swrpexa2,swrpexa2tsmph2,tsmph2tsmwr2,tsmwr2vash5ph01,vash5ph01vash5wr01,vash5wr01vasironkeyp1,vasironkeyp1vaspcwr01,vaspcwr01vaspscph01,vaspscph01vaspscwr01,vaspscwr01vastie01,vastie01vasvcph01,vasvcph01vasvcwr01,vasvcwr01vccorpsecure,vccorpsecurewacinet18,wacinet18wacinet2,wacinet2was4ktb,was4ktbwasaib1,wasaib1wasaib1d,wasaib1dwasasxphd1,wasasxphd1wasasxphd2,wasasxphd2wasaudio,wasaudiowasbs1,wasbs1wascert01t,wascert01twascert02t,wascert02twasepa1,wasepa1wasftp,wasftpwasgpro,wasgprowasgts2,wasgts2wasgts8,wasgts8wasjmux,wasjmuxwaslicrisa,waslicrisawasmdm1,wasmdm1wasmdm2,wasmdm2wasmv9002,wasmv9002wasmv9003,wasmv9003wasmv9004,wasmv9004wasmv9005,wasmv9005wasmv9006,wasmv9006wasmv9007,wasmv9007wasmv9008,wasmv9008wasmvrs03,wasmvrs03wasrbc2,wasrbc2wasrts1,wasrts1wassccmtest2,wassccmtest2wassccmtest3,wassccmtest3waswap3,waswap3wdaapp1,wdaapp1wdccorp,wdccorpwdccorpnew,wdccorpnewwdcph1,wdcph1wdcph1new,wdcph1newwdcphdev1,wdcphdev1wdcwr2,wdcwr2wdcwr2new,wdcwr2newwdcwr4,wdcwr4wdsdb2t,wdsdb2twdsmv90d,wdsmv90dwdsmvrs01,wdsmvrs01wdsmvrs02,wdsmvrs02wdsnaesbdr,wdsnaesbdrwdsnsb,wdsnsbwdsnsbdr,wdsnsbdrwdssqlmvm1,wdssqlmvm1wfpdr,wfpdrwfsami1,wfsami1whvph02,whvph02whvwr03,whvwr03whvwr04,whvwr04wmcexch1-drac,wmcexch1-dracwmcnotes1,wmcnotes1wmsexch3,wmsexch3wmsexch4,wmsexch4woodsrun7120,woodsrun7120wr-f5-1,wr-f5-1wr2-1-cust-srv-oper-n91-48-2,wr2-1-cust-srv-oper-n91-48-2wr2-1-doc-main-n91-32-2,wr2-1-doc-main-n91-32-2wr2-1-storm-n91-52-2,wr2-1-storm-n91-52-2wr2-soc-c91-56-4,wr2-soc-c91-56-4wr3-2-esc-n91-30-8,wr3-2-esc-n91-30-8wr3-2-front-storage-n91-60-2,wr3-2-front-storage-n91-60-2wr3-2-pc-n91-66-2,wr3-2-pc-n91-66-2wr3-2-server-n10-91-0-15,wr3-2-server-n10-91-0-15wr3-2-server-n91-0-53,wr3-2-server-n91-0-53wr3-n91-37-119,wr3-n91-37-119wr3-sma-mgmt-1,wr3-sma-mgmt-1wr3-wsa-mgmt-1,wr3-wsa-mgmt-1wr_netguardian,wr_netguardianwrdltiip1,wrdltiip1wrprdlasbtcc1n1,wrprdlasbtcc1n1wrprdlasbtcc1n2,wrprdlasbtcc1n2wrprdlasmwmc1n1,wrprdlasmwmc1n1wrprdlasmwmc1n2,wrprdlasmwmc1n2wrprdlasmwmc2n1,wrprdlasmwmc2n1wrprdlasmwmc2n2,wrprdlasmwmc2n2wrprdlaswladm01,wrprdlaswladm01wrsl500,wrsl500wrsuplaskibx01,wrsuplaskibx01wrsuplaslsc1n1,wrsuplaslsc1n1wrsuplaslsc1n2,wrsuplaslsc1n2wrsuplasoemx01,wrsuplasoemx01wrsupldsesc1n1,wrsupldsesc1n1wrsupldsesc1n2,wrsupldsesc1n2wrsupldsesc1n3,wrsupldsesc1n3wrsupldssatx02,wrsupldssatx02wspnerc01p,wspnerc01pwspnerc01t,wspnerc01twspnerc02p,wspnerc02pwspnerc03p,wspnerc03pwspnerc04p,wspnerc04pwsusamip1,wsusamip1wtscitrixp1,wtscitrixp1wtscitrixp4,wtscitrixp4wtscitrixp6,wtscitrixp6wtscitrixp7,wtscitrixp7wtscitrixt1,wtscitrixt1wtscitrixt2,wtscitrixt2wtsmaximoph1,wtsmaximoph1wtsmaximowr1,wtsmaximowr1wwcinet1,wwcinet1wwcinet2,wwcinet2wwsarr,wwsarrwwscorp01,wwscorp01wwsprod03,wwsprod03wwsprod04,wwsprod04wwsprod05,wwsprod05wwsprod06,wwsprod06wwsspwrp1,wwsspwrp1wwsspwrp2,wwsspwrp2wwswebtier1,wwswebtier1xrx9c934e261e22,xrx9c934e261e22xrx9c934e262001,xrx9c934e262001
